seqName	gisaid_epi_isl	date	clade	Nextclade_pango	qc.overallScore	qc.overallStatus	totalSubstitutions	totalDeletions	totalInsertions	totalFrameShifts	totalAminoacidSubstitutions	totalAminoacidDeletions	totalAminoacidInsertions	totalMissing	totalNonACGTNs	totalPcrPrimerChanges	substitutions	deletions	insertions	privateNucMutations.reversionSubstitutions	privateNucMutations.labeledSubstitutions	privateNucMutations.unlabeledSubstitutions	privateNucMutations.totalReversionSubstitutions	privateNucMutations.totalLabeledSubstitutions	privateNucMutations.totalUnlabeledSubstitutions	privateNucMutations.totalPrivateSubstitutions	frameShifts	aaSubstitutions	aaDeletions	aaInsertions	missing	nonACGTNs	pcrPrimerChanges	alignmentScore	alignmentStart	alignmentEnd	qc.missingData.missingDataThreshold	qc.missingData.score	qc.missingData.status	qc.missingData.totalMissing	qc.mixedSites.mixedSitesThreshold	qc.mixedSites.score	qc.mixedSites.status	qc.mixedSites.totalMixedSites	qc.privateMutations.cutoff	qc.privateMutations.excess	qc.privateMutations.score	qc.privateMutations.status	qc.privateMutations.total	qc.snpClusters.clusteredSNPs	qc.snpClusters.score	qc.snpClusters.status	qc.snpClusters.totalSNPs	qc.frameShifts.frameShifts	qc.frameShifts.totalFrameShifts	qc.frameShifts.frameShiftsIgnored	qc.frameShifts.totalFrameShiftsIgnored	qc.frameShifts.score	qc.frameShifts.status	qc.stopCodons.stopCodons	qc.stopCodons.totalStopCodons	qc.stopCodons.score	qc.stopCodons.status	errors
hCoV-19/USA/OR-CDC-ASC210845832/2022	EPI_ISL_11679772	3/18/22	21L (Omicron)	BA.2	97.613635	mediocre	64	27	0	0	46	12	0	2453	0	5	"G388A,T670G,C2790T,C3037T,C9344T,A9424G,C9534T,C9866T,C10029T,C10198T,G10447A,C10449A,C12880T,C14408T,C15714T,C17410T,C21005T,C21618T,G21987A,T22200G,G22578A,C22674T,T22679C,C22686T,A22688G,G22775A,A22786C,C22792T,G22813T,T22882G,G22992A,C22995A,A23013C,A23040G,A23055G,A23063T,T23075C,A23403G,C23525T,T23599G,C23604A,C23854A,A24424T,T24469A,C25000T,C25584T,C26060T,C26270T,C26577G,G26709A,C26858T,A27259C,G27382C,A27383T,T27384C,C27807T,A28271T,C28311T,A28877T,G28878C,G28881A,G28882A,G28883C,A29510C"	"11288-11296,21633-21641,28362-28370"		"T4321C,T23948G"	"A28877T|20J,G28878C|20J"	"G388A,C21005T"	2	2	2	6		"E:T9I,M:Q19E,M:A63T,N:P13L,N:R203K,N:G204R,N:S413R,ORF1a:S135R,ORF1a:T842I,ORF1a:L3027F,ORF1a:T3090I,ORF1a:L3201F,ORF1a:T3255I,ORF1a:P3395H,ORF1b:P314L,ORF1b:R1315C,ORF1b:A2513V,ORF3a:T223I,ORF6:D61L,ORF9b:P10S,S:T19I,S:A27S,S:G142D,S:V213G,S:G339D,S:S371F,S:S373P,S:S375F,S:D405N,S:R408S,S:K417N,S:N440K,S:S477N,S:T478K,S:E484A,S:Q493R,S:Q498R,S:N501Y,S:Y505H,S:D614G,S:H655Y,S:N679K,S:P681H,S:N764K,S:Q954H,S:N969K"	"N:E31-,N:R32-,N:S33-,ORF1a:S3675-,ORF1a:G3676-,ORF1a:F3677-,ORF9b:E27-,ORF9b:N28-,ORF9b:A29-,S:L24-,S:P25-,S:P26-"		"4082-4320,6268-6411,6425-6451,6459-6507,6527-6726,12638-12826,12839-12842,14739-14774,14776,14783,14785,14836,15353-15541,17985-18051,18064-18199,18212-18252,19895-19988,20006-20096,21074-21301,22689-22748,23956-24109,24124-24177,26986-27042,27056-27161,27163,29531-29543,29557-29826"		"Charité_E_F:C26270T,ChinaCDC_N_F:G28881A;G28882A;G28883C,USCDC_N1_P:C28311T"	88201	327	29847	3000	79.740741	mediocre	2453	10	0	good	0	24	14	58.333333	mediocre	22		0	good	0		0		0	0	good		0	0	good	
hCoV-19/USA/OR-CDC-ASC210845829/2022	EPI_ISL_11679775	3/18/22	21L (Omicron)	BA.2	0	good	71	53	0	0	51	12	0	0	0	6	"C241T,T670G,C2790T,C3037T,G4184A,C4321T,C9344T,A9424G,C9534T,C9866T,C10029T,C10198T,G10447A,C10449A,C10776T,T12418C,C12784T,C12880T,C14408T,C15714T,C17410T,A18163G,C19955T,A20055G,C21618T,G21987A,T22200G,C22522T,G22578A,C22674T,T22679C,C22686T,A22688G,G22775A,A22786C,G22813T,T22882G,G22992A,C22995A,A23013C,A23040G,A23055G,A23063T,T23075C,A23403G,C23525T,T23599G,C23604A,C23854A,G23948T,A24424T,T24469A,C25000T,C25416T,C25584T,C26060T,C26270T,C26577G,G26709A,C26858T,A27259C,G27382C,A27383T,T27384C,C27807T,A28271T,C28311T,G28881A,G28882A,G28883C,A29510C"	"11288-11296,21633-21641,28362-28370,29734-29759"				"C10776T,T12418C,C12784T,C22522T,C25416T"	0	0	5	5		"E:T9I,M:Q19E,M:A63T,N:P13L,N:R203K,N:G204R,N:S413R,ORF1a:S135R,ORF1a:T842I,ORF1a:G1307S,ORF1a:L3027F,ORF1a:T3090I,ORF1a:L3201F,ORF1a:T3255I,ORF1a:P3395H,ORF1a:P3504L,ORF1b:P314L,ORF1b:R1315C,ORF1b:I1566V,ORF1b:T2163I,ORF3a:T223I,ORF6:D61L,ORF9b:P10S,S:T19I,S:A27S,S:G142D,S:V213G,S:G339D,S:S371F,S:S373P,S:S375F,S:T376A,S:D405N,S:R408S,S:K417N,S:N440K,S:S477N,S:T478K,S:E484A,S:Q493R,S:Q498R,S:N501Y,S:Y505H,S:D614G,S:H655Y,S:N679K,S:P681H,S:N764K,S:D796Y,S:Q954H,S:N969K"	"N:E31-,N:R32-,N:S33-,ORF1a:S3675-,ORF1a:G3676-,ORF1a:F3677-,ORF9b:E27-,ORF9b:N28-,ORF9b:A29-,S:L24-,S:P25-,S:P26-"				"Charité_E_F:C26270T,ChinaCDC_N_F:G28881A;G28882A;G28883C,USCDC_N1_P:C28311T,Pasteur_IP2_R:C12784T"	88995	25	29847	3000	0	good	0	10	0	good	0	24	-2	0	good	6		0	good	0		0		0	0	good		0	0	good	
hCoV-19/USA/OR-ASU57380/2022	EPI_ISL_11681201	1/13/22	21K (Omicron)	BA.1	83.67989	mediocre	52	39	9	0	43	16	1	742	9	5	"C241T,A2832G,C3037T,T5386G,G8393A,C10029T,C10449A,A11537G,T13195C,C14408T,C15240T,A18163G,C21762T,C21846T,G22578A,T22673C,C22674T,T22679C,C22686T,G22992A,C22995A,A23013C,A23040G,G23048A,A23055G,A23063T,T23075C,C23202A,A23403G,C23525T,T23599G,C23604A,G23948T,C24130A,T24214A,A24424T,T24469A,C24503T,C25000T,C25584T,C25708T,C26270T,A26530G,C26577G,G26709A,A27259C,C27807T,A28271T,C28311T,G28881A,G28882A,G28883C"	"6513-6515,11285-11293,21765-21770,21987-21995,22194-22196,28362-28370"	22204:GAGCCAGAA		C25708T|21K	T24214A	0	1	1	2		"E:T9I,M:D3G,M:Q19E,M:A63T,N:P13L,N:R203K,N:G204R,ORF1a:K856R,ORF1a:L2084I,ORF1a:A2710T,ORF1a:T3255I,ORF1a:P3395H,ORF1a:I3758V,ORF1b:P314L,ORF1b:I1566V,ORF3a:L106F,ORF9b:P10S,S:A67V,S:T95I,S:Y145D,S:L212I,S:G339D,S:S371L,S:S373P,S:S375F,S:S477N,S:T478K,S:E484A,S:Q493R,S:G496S,S:Q498R,S:N501Y,S:Y505H,S:T547K,S:D614G,S:H655Y,S:N679K,S:P681H,S:D796Y,S:N856K,S:Q954H,S:N969K,S:L981F"	"N:E31-,N:R32-,N:S33-,ORF1a:S2083-,ORF1a:L3674-,ORF1a:S3675-,ORF1a:G3676-,ORF9b:E27-,ORF9b:N28-,ORF9b:A29-,S:H69-,S:V70-,S:G142-,S:V143-,S:Y144-,S:N211-"	S:214:EPE	"22786-22974,23612-23876,26339-26414,26957-27168"	"Y:2470,Y:4090,Y:4158,Y:5869,Y:9319,Y:10135,W:15521,Y:19955,R:29301"	"Charité_E_F:C26270T,ChinaCDC_N_F:G28881A;G28882A;G28883C,USCDC_N1_P:C28311T"	88956	49	29827	3000	16.37037	good	742	10	90	mediocre	9	24	-3	0	good	5		0	good	0		0		0	0	good		0	0	good	
hCoV-19/USA/OR-Curative-257221/2022	EPI_ISL_11682346	3/13/22	21K (Omicron)	BA.1.1	6.625857	good	56	0	0	0	42	0	0	995	0	4	"C241T,G1401A,C2470T,A2832G,C3037T,T5386G,T6778C,G8393A,C10029T,C10449A,A11537G,T13195C,C14408T,A14940G,C15240T,A18163G,G21796T,C21846T,G22578A,G22599A,T22673C,C22674T,T22679C,C22686T,T22882G,G22898A,G22992A,C22995A,A23013C,A23040G,G23048A,A23055G,A23063T,C23202A,A23403G,C23525T,T23599G,C23604A,C23854A,G23948T,C24130A,A24424T,T24469A,C24503T,C25000T,C25584T,C25624T,C26270T,A26530G,C26577G,G26709A,A27259C,C27807T,G28881A,G28882A,G28883C"					"G1401A,T6778C,A14940G,G21796T,C25624T"	0	0	5	5		"E:T9I,M:D3G,M:Q19E,M:A63T,N:R203K,N:G204R,ORF1a:G379E,ORF1a:K856R,ORF1a:A2710T,ORF1a:T3255I,ORF1a:P3395H,ORF1a:I3758V,ORF1b:P314L,ORF1b:I1566V,ORF3a:H78Y,S:R78S,S:T95I,S:G339D,S:R346K,S:S371L,S:S373P,S:S375F,S:N440K,S:G446S,S:S477N,S:T478K,S:E484A,S:Q493R,S:G496S,S:Q498R,S:N501Y,S:T547K,S:D614G,S:H655Y,S:N679K,S:P681H,S:N764K,S:D796Y,S:N856K,S:Q954H,S:N969K,S:L981F"			"6513-6515,7669-7736,11283-11291,11318-11390,16035-16079,20461-20679,21706-21787,21896-21988,22194-22196,22707-22871,23075-23152,23980-24051,28260-28336,28363-28370"		"Charité_E_F:C26270T,ChinaCDC_N_F:G28881A;G28882A;G28883C"	88399	200	29741	3000	25.740741	good	995	10	0	good	0	24	-3	0	good	5		0	good	0		0		0	0	good		0	0	good	
hCoV-19/USA/OR-Curative-200075/2022	EPI_ISL_11682434	3/14/22	21L (Omicron)	BA.2.9	12.146516	good	65	0	0	0	43	0	0	1241	0	4	"C241T,T670G,C2790T,C3037T,T4111C,G4184A,C4321T,C9344T,A9424G,C9534T,C9866T,C10029T,C10198T,G10447A,C10449A,T11515C,C12880T,C14408T,C15342T,C15714T,C17410T,A18163G,T19893C,C19955T,A20055G,C20178T,G21987A,T22200G,G22578A,C22674T,T22679C,C22686T,A22688G,T22882G,G22992A,C22995A,A23013C,A23040G,A23055G,A23063T,A23403G,C23525T,T23599G,C23604A,C23854A,G23948T,A24424T,A24433G,T24469A,C25000T,C25584T,C25624T,C26060T,C26270T,C26577G,G26709A,C26858T,G27382C,A27383T,T27384C,C27807T,G28881A,G28882A,G28883C,A29510C"					"T4111C,T11515C,C15342T,T19893C,C20178T,A24433G"	0	0	6	6		"E:T9I,M:Q19E,M:A63T,N:R203K,N:G204R,N:S413R,ORF1a:S135R,ORF1a:T842I,ORF1a:G1307S,ORF1a:L3027F,ORF1a:T3090I,ORF1a:L3201F,ORF1a:T3255I,ORF1a:P3395H,ORF1b:P314L,ORF1b:R1315C,ORF1b:I1566V,ORF1b:T2163I,ORF3a:H78Y,ORF3a:T223I,ORF6:D61L,S:G142D,S:V213G,S:G339D,S:S371F,S:S373P,S:S375F,S:T376A,S:N440K,S:S477N,S:T478K,S:E484A,S:Q493R,S:Q498R,S:N501Y,S:D614G,S:H655Y,S:N679K,S:P681H,S:N764K,S:D796Y,S:Q954H,S:N969K"			"7669-7736,11288-11296,11318-11390,16035-16079,20461-20679,21515-21597,21599-21698,22138-22159,22707-22871,23075-23152,23980-24051,24318-24411,27222-27282,27413-27479,28260-28336,28363-28370"		"Charité_E_F:C26270T,ChinaCDC_N_F:G28881A;G28882A;G28883C"	88138	200	29666	3000	34.851852	mediocre	1241	10	0	good	0	24	-2	0	good	6		0	good	0		0		0	0	good		0	0	good	
hCoV-19/USA/OR-Curative-257131/2022	EPI_ISL_11682435	3/14/22	21K (Omicron)	BA.1.1	7.190343	good	55	0	0	0	41	0	0	1024	0	4	"C241T,C2470T,A2832G,C3037T,C5175T,T5386G,G8393A,C10029T,C10449A,A11537G,T13195C,C14408T,C15240T,C17762T,A18163G,C21846T,G22578A,G22599A,T22673C,C22674T,T22679C,C22686T,T22882G,G22898A,G22992A,C22995A,A23013C,A23040G,G23048A,A23055G,A23063T,C23202A,A23403G,C23525T,T23599G,C23604A,C23854A,G23948T,C24130A,A24424T,T24469A,C24503T,C25000T,C25584T,T25962C,C26270T,A26530G,C26577G,G26709A,C26894T,A27259C,C27807T,G28881A,G28882A,G28883C"				C26894T|21G	"C5175T,C17762T,T25962C"	0	1	3	4		"E:T9I,M:D3G,M:Q19E,M:A63T,N:R203K,N:G204R,ORF1a:K856R,ORF1a:T1637I,ORF1a:A2710T,ORF1a:T3255I,ORF1a:P3395H,ORF1a:I3758V,ORF1b:P314L,ORF1b:A1432V,ORF1b:I1566V,S:T95I,S:G339D,S:R346K,S:S371L,S:S373P,S:S375F,S:N440K,S:G446S,S:S477N,S:T478K,S:E484A,S:Q493R,S:G496S,S:Q498R,S:N501Y,S:T547K,S:D614G,S:H655Y,S:N679K,S:P681H,S:N764K,S:D796Y,S:N856K,S:Q954H,S:N969K,S:L981F"			"6513-6515,7669-7736,11283-11291,11318-11390,16035-16079,20461-20679,21599-21698,21760-21770,21896-21988,22194-22196,22707-22871,23075-23152,23980-24051,28260-28336,28363-28370"		"Charité_E_F:C26270T,ChinaCDC_N_F:G28881A;G28882A;G28883C"	88403	200	29741	3000	26.814815	good	1024	10	0	good	0	24	-1	0	good	7		0	good	0		0		0	0	good		0	0	good	
hCoV-19/USA/OR-Curative-270642/2022	EPI_ISL_11682436	3/14/22	21K (Omicron)	BA.1.18	13.644722	good	51	0	0	0	39	0	0	912	0	4	"C241T,A2832G,C3037T,T5386G,C5730T,T7198C,G8393A,C10029T,C10449A,A11537G,T13195C,C14408T,C15240T,A18163G,G21776A,C21846T,C22432T,G22578A,T22673C,C22674T,T22679C,C22686T,T22882G,G22898A,G22992A,C22995A,A23013C,A23040G,G23048A,A23055G,C23202A,A23403G,C23525T,T23599G,C23604A,C23854A,G23948T,C24130A,A24424T,T24469A,C24503T,C25000T,C25584T,C26270T,A26530G,C26577G,G26709A,C27807T,G28881A,G28882A,G28883C"			"T21762C,T22813G"		"T7198C,G21776A,C22432T"	2	0	3	5		"E:T9I,M:D3G,M:Q19E,M:A63T,N:R203K,N:G204R,ORF1a:K856R,ORF1a:T1822I,ORF1a:A2710T,ORF1a:T3255I,ORF1a:P3395H,ORF1a:I3758V,ORF1b:P314L,ORF1b:I1566V,S:G72R,S:T95I,S:G339D,S:S371L,S:S373P,S:S375F,S:N440K,S:G446S,S:S477N,S:T478K,S:E484A,S:Q493R,S:G496S,S:Q498R,S:T547K,S:D614G,S:H655Y,S:N679K,S:P681H,S:N764K,S:D796Y,S:N856K,S:Q954H,S:N969K,S:L981F"			"6513-6515,7669-7736,11283-11291,11318-11390,16035-16079,20461-20679,21765-21770,21895-21988,22194-22196,22707-22788,23063-23152,23980-24051,27222-27282,28260-28338,28363-28370"		"Charité_E_F:C26270T,ChinaCDC_N_F:G28881A;G28882A;G28883C"	88194	200	29666	3000	22.666667	good	912	10	0	good	0	24	7	29.166667	good	15		0	good	0		0		0	0	good		0	0	good	
hCoV-19/USA/OR-Curative-283708/2022	EPI_ISL_11682437	3/14/22	21K (Omicron)	BA.1.1	81.333676	mediocre	39	0	0	0	27	0	0	2735	0	4	"C241T,C2470T,C3037T,T5386G,T5762C,G8393A,C10029T,C10449A,A11537G,T13195C,C14408T,C15240T,A18163G,C21846T,G22578A,G22599A,T22673C,C22674T,T22679C,C22686T,C23202A,A23403G,C23525T,T23599G,C23604A,C23854A,C24130A,A24424T,T24469A,C24503T,C25000T,C25207T,C25584T,C26270T,G26709A,C27807T,G28881A,G28882A,G28883C"					"T5762C,C25207T"	0	0	2	2		"E:T9I,M:A63T,N:R203K,N:G204R,ORF1a:C1833R,ORF1a:A2710T,ORF1a:T3255I,ORF1a:P3395H,ORF1a:I3758V,ORF1b:P314L,ORF1b:I1566V,S:T95I,S:G339D,S:R346K,S:S371L,S:S373P,S:S375F,S:T547K,S:D614G,S:H655Y,S:N679K,S:P681H,S:N764K,S:N856K,S:Q954H,S:N969K,S:L981F"			"2827-2892,3728-3878,5989-6042,6513-6515,6846-6904,7159-7247,7669-7736,8531-8620,11231-11390,13676-13729,16035-16079,20461-20679,21599-21787,21896-21988,22076-22227,22707-23152,23892-24051,24145-24217,26449-26522,26524-26616,27222-27394,28161-28384"		"Charité_E_F:C26270T,ChinaCDC_N_F:G28881A;G28882A;G28883C"	88467	200	29741	3000	90.185185	mediocre	2735	10	0	good	0	24	-6	0	good	2		0	good	0		0		0	0	good		0	0	good	
hCoV-19/USA/OR-Curative-290131/2022	EPI_ISL_11682438	3/14/22	21K (Omicron)	BA.1.1	82.724105	mediocre	46	0	0	0	32	0	0	1509	0	5	"C241T,G353A,C2470T,A2832G,C3037T,T5386G,G8393A,C10029T,C10449A,A11537G,G13045T,T13195C,C14408T,C15240T,A18163G,A19626G,C21595T,C21846T,G22578A,G22599A,T22673C,C22674T,T22679C,C22686T,C23202A,A23403G,C23525T,T23599G,C23604A,C23854A,C24130A,A24424T,T24469A,C24503T,C25000T,C25584T,C26270T,A26530G,C26577G,G26709A,C27807T,C27849T,G28881A,G28882A,G28883C,C28892T"			"G22882T,A22898G,T23948G"	C21595T|21K	"G353A,G13045T,A19626G,C27849T,C28892T"	3	1	5	9		"E:T9I,M:D3G,M:Q19E,M:A63T,N:R203K,N:G204R,N:P207S,ORF1a:G30S,ORF1a:K856R,ORF1a:A2710T,ORF1a:T3255I,ORF1a:P3395H,ORF1a:I3758V,ORF1b:P314L,ORF1b:I1566V,ORF7b:L32F,S:T95I,S:G339D,S:R346K,S:S371L,S:S373P,S:S375F,S:T547K,S:D614G,S:H655Y,S:N679K,S:P681H,S:N764K,S:N856K,S:Q954H,S:N969K,S:L981F"			"6513-6515,7669-7736,11231-11390,16035-16079,20461-20679,21599-21698,21730-21787,21896-21988,22174-22227,22707-22871,22981-23152,23980-24051,27222-27394,28260-28386"		"Charité_E_F:C26270T,ChinaCDC_N_F:G28881A;G28882A;G28883C;C28892T"	88439	200	29741	3000	44.777778	mediocre	1509	10	0	good	0	24	19	79.166667	mediocre	27		0	good	0		0		0	0	good		0	0	good	
hCoV-19/USA/OR-Curative-250100/2022	EPI_ISL_11682439	3/14/22	21K (Omicron)	BA.1.1	27.178889	good	56	0	0	0	41	0	0	1146	0	4	"C241T,C673T,C2470T,A2832G,C3037T,C4093T,T5386G,G8393A,C10029T,C10449A,G11083T,A11537G,T13195C,C14408T,C15240T,C17550T,A18163G,G19109T,C21595T,C21846T,G22578A,G22599A,T22673C,C22674T,T22679C,C22686T,T22882G,G22898A,G22992A,C22995A,A23013C,A23040G,G23048A,A23055G,A23063T,C23202A,A23403G,C23525T,T23599G,C23604A,C23854A,G23948T,C24130A,A24424T,T24469A,C24503T,C25000T,C25584T,C26270T,A26530G,C26577G,G26709A,C27807T,G28881A,G28882A,G28883C"			T21762C	"G11083T|21J&19A,C21595T|21K"	"C673T,C4093T,C17550T,G19109T"	1	2	4	7		"E:T9I,M:D3G,M:Q19E,M:A63T,N:R203K,N:G204R,ORF1a:K856R,ORF1a:A2710T,ORF1a:T3255I,ORF1a:P3395H,ORF1a:L3606F,ORF1a:I3758V,ORF1b:P314L,ORF1b:I1566V,ORF1b:S1881I,S:T95I,S:G339D,S:R346K,S:S371L,S:S373P,S:S375F,S:N440K,S:G446S,S:S477N,S:T478K,S:E484A,S:Q493R,S:G496S,S:Q498R,S:N501Y,S:T547K,S:D614G,S:H655Y,S:N679K,S:P681H,S:N764K,S:D796Y,S:N856K,S:Q954H,S:N969K,S:L981F"			"6513-6515,7669-7736,11283-11291,11318-11390,16035-16079,20461-20679,21599-21698,21765-21770,21896-21988,22194-22196,22707-22871,23075-23152,23980-24051,27222-27282,27329-27394,28260-28336,28363-28370"		"Charité_E_F:C26270T,ChinaCDC_N_F:G28881A;G28882A;G28883C"	88399	200	29741	3000	31.333333	mediocre	1146	10	0	good	0	24	10	41.666667	mediocre	18		0	good	0		0		0	0	good		0	0	good	
hCoV-19/USA/OR-Curative-282994/2022	EPI_ISL_11682440	3/14/22	21K (Omicron)	BA.1.1	5.341235	good	56	0	0	0	41	0	0	924	0	5	"C241T,C2470T,A2832G,C3037T,T5386G,C5512T,G8393A,C10029T,C10449A,A11537G,T13195C,C14408T,C15240T,A18163G,C21846T,G22578A,G22599A,T22673C,C22674T,T22679C,C22686T,T22882G,G22898A,G22992A,C22995A,A23013C,A23040G,G23048A,A23055G,A23063T,C23202A,A23403G,C23525T,T23599G,C23604A,C23854A,G23948T,C24130A,A24424T,T24469A,C24503T,C25000T,C25584T,C25708T,C26270T,A26530G,C26577G,G26709A,A27259C,C27807T,A28769G,G28881A,G28882A,G28883C,C29281T,C29675T"				C25708T|21K	"C5512T,A28769G,C29281T,C29675T"	0	1	4	5		"E:T9I,M:D3G,M:Q19E,M:A63T,N:T166A,N:R203K,N:G204R,ORF1a:K856R,ORF1a:A2710T,ORF1a:T3255I,ORF1a:P3395H,ORF1a:I3758V,ORF1b:P314L,ORF1b:I1566V,ORF3a:L106F,S:T95I,S:G339D,S:R346K,S:S371L,S:S373P,S:S375F,S:N440K,S:G446S,S:S477N,S:T478K,S:E484A,S:Q493R,S:G496S,S:Q498R,S:N501Y,S:T547K,S:D614G,S:H655Y,S:N679K,S:P681H,S:N764K,S:D796Y,S:N856K,S:Q954H,S:N969K,S:L981F"			"6513-6515,7669-7736,11283-11291,11318-11390,16035-16079,20461-20679,21760-21770,21896-21988,22194-22196,22707-22871,23075-23152,23980-24051,28260-28336,28363-28370"		"Charité_E_F:C26270T,Charité_N_P:A28769G,ChinaCDC_N_F:G28881A;G28882A;G28883C"	88399	200	29741	3000	23.111111	good	924	10	0	good	0	24	0	0	good	8		0	good	0		0		0	0	good		0	0	good	
hCoV-19/USA/OR-Curative-227009/2022	EPI_ISL_11682462	3/15/22	19A	B	169.289012	bad	0	0	0	0	0	0	0	3813	0	0							0	0	0	0					"1667-1717,2827-2892,3728-3878,5989-6042,6513-6515,6556-6654,6846-6992,7159-7247,7343-7402,7669-7736,8531-8620,9644-9694,11231-11390,13601-13666,14470-14516,15956-16079,16408-16509,20187-20279,20289-20361,20461-20679,21515-21787,21896-21988,22076-22227,22619-23152,23815-23875,23892-24051,24318-24411,24516-24594,26449-26616,27222-27394,28161-28373"			88623	200	29741	3000	130.111111	bad	3813	10	0	good	0	24	-8	0	good	0		0	good	0		0		0	0	good		0	0	good	
hCoV-19/USA/OR-Curative-241854/2022	EPI_ISL_11682463	3/15/22	21L (Omicron)	BA.2	120.487531	bad	48	0	0	0	32	0	0	2229	0	4	"C241T,T670G,C2790T,C3037T,G4184A,C4321T,C5281T,C9344T,G9389A,A9424G,C9534T,C9866T,C10029T,C10198T,G10447A,C10449A,C12880T,C13011T,C14408T,C15714T,C17410T,A18163G,C19955T,A20055G,G21987A,T22200G,G22578A,T22882G,A23403G,C23525T,T23599G,C23604A,C23854A,G23948T,A24424T,T24469A,C25000T,C25584T,C26060T,C26270T,G26709A,C26858T,C27807T,G28881A,G28882A,G28883C,A29510C,C29545A"			"T22674C,C22679T,T22686C,G22688A"		"C5281T,G9389A,C13011T,C29545A"	4	0	4	8		"E:T9I,M:A63T,N:R203K,N:G204R,N:S413R,ORF1a:S135R,ORF1a:T842I,ORF1a:G1307S,ORF1a:L3027F,ORF1a:D3042N,ORF1a:T3090I,ORF1a:L3201F,ORF1a:T3255I,ORF1a:P3395H,ORF1a:T4249I,ORF1b:P314L,ORF1b:R1315C,ORF1b:I1566V,ORF1b:T2163I,ORF3a:T223I,S:G142D,S:V213G,S:G339D,S:N440K,S:D614G,S:H655Y,S:N679K,S:P681H,S:N764K,S:D796Y,S:Q954H,S:N969K"			"6846-6904,7159-7247,7343-7402,7669-7736,11231-11390,13601-13666,14470-14516,16035-16079,20461-20679,21515-21698,21896-21979,22076-22159,22707-22871,22981-23152,23980-24051,24318-24411,26524-26616,27222-27479,28161-28370"		"Charité_E_F:C26270T,ChinaCDC_N_F:G28881A;G28882A;G28883C"	88206	200	29666	3000	71.444444	mediocre	2229	10	0	good	0	24	20	83.333333	mediocre	28		0	good	0		0		0	0	good		0	0	good	
hCoV-19/USA/OR-Curative-204358/2022	EPI_ISL_11682464	3/15/22	21K (Omicron)	BA.1.1	31.689304	mediocre	42	0	0	0	30	0	0	1712	0	4	"C241T,C2470T,A2832G,C3037T,T5386G,G8393A,C10029T,C10449A,A11537G,T13195C,C14408T,C15240T,T17967C,A18163G,C21846T,G22578A,G22599A,T22673C,C22674T,T22679C,C22686T,C23202A,A23403G,C23525T,T23599G,C23604A,C23854A,G23948T,C24130A,A24424T,T24469A,C24503T,C25000T,C25584T,C26270T,A26530G,C26577G,G26709A,C27807T,G28881A,G28882A,G28883C"			"G22882T,A22898G"		T17967C	2	0	1	3		"E:T9I,M:D3G,M:Q19E,M:A63T,N:R203K,N:G204R,ORF1a:K856R,ORF1a:A2710T,ORF1a:T3255I,ORF1a:P3395H,ORF1a:I3758V,ORF1b:P314L,ORF1b:I1566V,S:T95I,S:G339D,S:R346K,S:S371L,S:S373P,S:S375F,S:T547K,S:D614G,S:H655Y,S:N679K,S:P681H,S:N764K,S:D796Y,S:N856K,S:Q954H,S:N969K,S:L981F"			"3814-3878,6513-6515,6846-6904,7159-7247,7669-7736,11231-11390,16035-16079,20461-20679,21731-21787,21896-21988,22076-22227,22707-22871,22981-23152,23980-24051,27222-27394,28260-28379"		"Charité_E_F:C26270T,ChinaCDC_N_F:G28881A;G28882A;G28883C"	88230	200	29666	3000	52.296296	mediocre	1712	10	0	good	0	24	5	20.833333	good	13		0	good	0		0		0	0	good		0	0	good	
hCoV-19/USA/OR-Curative-214614/2022	EPI_ISL_11682465	3/15/22	21K (Omicron)	BA.1.1	5.255981	good	52	0	0	0	39	0	0	919	0	4	"C241T,C2470T,A2832G,C3037T,T5386G,G8393A,C10029T,C10449A,A11537G,T13195C,C14408T,C15240T,T17967C,A18163G,C21846T,G22578A,G22599A,T22673C,C22674T,T22679C,C22686T,T22882G,G22898A,G22992A,C22995A,A23013C,A23040G,G23048A,A23055G,A23063T,C23202A,A23403G,C23525T,T23599G,C23604A,C23854A,G23948T,C24130A,A24424T,T24469A,C24503T,C25000T,C25584T,C26270T,A26530G,C26577G,G26709A,A27259C,C27807T,G28881A,G28882A,G28883C"			T21762C		T17967C	1	0	1	2		"E:T9I,M:D3G,M:Q19E,M:A63T,N:R203K,N:G204R,ORF1a:K856R,ORF1a:A2710T,ORF1a:T3255I,ORF1a:P3395H,ORF1a:I3758V,ORF1b:P314L,ORF1b:I1566V,S:T95I,S:G339D,S:R346K,S:S371L,S:S373P,S:S375F,S:N440K,S:G446S,S:S477N,S:T478K,S:E484A,S:Q493R,S:G496S,S:Q498R,S:N501Y,S:T547K,S:D614G,S:H655Y,S:N679K,S:P681H,S:N764K,S:D796Y,S:N856K,S:Q954H,S:N969K,S:L981F"			"6513-6515,7669-7736,11283-11291,11318-11390,16035-16079,20461-20679,21765-21770,21896-21988,22194-22196,22707-22871,23075-23152,23980-24051,28260-28336,28363-28370"		"Charité_E_F:C26270T,ChinaCDC_N_F:G28881A;G28882A;G28883C"	88190	200	29666	3000	22.925926	good	919	10	0	good	0	24	-1	0	good	7		0	good	0		0		0	0	good		0	0	good	
hCoV-19/USA/OR-Curative-287613/2022	EPI_ISL_11682508	3/16/22	21L (Omicron)	BA.2.7	31.194294	mediocre	51	0	0	0	36	0	0	1808	0	4	"C241T,T670G,C2790T,C3037T,G4184A,C4321T,C6636T,C9344T,A9424G,C9534T,C9866T,C10029T,C10198T,C10228T,G10447A,C10449A,C12880T,C14408T,C15714T,C17410T,A18163G,C19955T,A20055G,G21987A,T22200G,G22578A,C22674T,T22679C,C22686T,A22688G,T22882G,A23403G,C23525T,T23599G,C23604A,C23854A,G23948T,A24424T,T24469A,C25000T,C25584T,C26060T,C26270T,C26577G,G26709A,C26858T,C27807T,G28881A,G28882A,G28883C,A29510C"					C10228T	0	0	1	1		"E:T9I,M:Q19E,M:A63T,N:R203K,N:G204R,N:S413R,ORF1a:S135R,ORF1a:T842I,ORF1a:G1307S,ORF1a:T2124I,ORF1a:L3027F,ORF1a:T3090I,ORF1a:L3201F,ORF1a:T3255I,ORF1a:P3395H,ORF1b:P314L,ORF1b:R1315C,ORF1b:I1566V,ORF1b:T2163I,ORF3a:T223I,S:G142D,S:V213G,S:G339D,S:S371F,S:S373P,S:S375F,S:T376A,S:N440K,S:D614G,S:H655Y,S:N679K,S:P681H,S:N764K,S:D796Y,S:Q954H,S:N969K"			"2827-2892,3729-3778,3814-3878,6846-6904,7669-7736,11231-11390,16035-16079,20187-20279,20289-20300,20461-20679,21515-21698,22707-22871,22981-23152,23980-24051,27222-27479,28260-28379"		"Charité_E_F:C26270T,ChinaCDC_N_F:G28881A;G28882A;G28883C"	88194	200	29666	3000	55.851852	mediocre	1808	10	0	good	0	24	-7	0	good	1		0	good	0		0		0	0	good		0	0	good	
hCoV-19/USA/OR-Curative-261045/2022	EPI_ISL_11682771	3/17/22	21K (Omicron)	BA.1.1	6.587778	good	54	0	0	0	39	0	0	993	0	4	"C241T,C2470T,A2832G,C3037T,C3619T,T5386G,C5512T,G8393A,C10029T,C10449A,A11537G,T13195C,C14408T,C15240T,A18163G,T19404C,C21846T,G22578A,G22599A,T22673C,C22674T,T22679C,C22686T,T22882G,G22898A,G22992A,C22995A,A23013C,A23040G,G23048A,A23055G,A23063T,C23202A,A23403G,C23525T,T23599G,C23604A,C23854A,G23948T,C24130A,A24424T,T24469A,C24503T,C25000T,C25584T,C26270T,A26530G,C26577G,G26709A,A27259C,C27807T,G28881A,G28882A,G28883C"					"C3619T,C5512T,T19404C"	0	0	3	3		"E:T9I,M:D3G,M:Q19E,M:A63T,N:R203K,N:G204R,ORF1a:K856R,ORF1a:A2710T,ORF1a:T3255I,ORF1a:P3395H,ORF1a:I3758V,ORF1b:P314L,ORF1b:I1566V,S:T95I,S:G339D,S:R346K,S:S371L,S:S373P,S:S375F,S:N440K,S:G446S,S:S477N,S:T478K,S:E484A,S:Q493R,S:G496S,S:Q498R,S:N501Y,S:T547K,S:D614G,S:H655Y,S:N679K,S:P681H,S:N764K,S:D796Y,S:N856K,S:Q954H,S:N969K,S:L981F"			"3729-3778,5989-6042,6513-6515,7669-7736,11283-11291,11318-11390,16035-16079,20504-20679,21752-21770,21896-21988,22194-22196,22707-22871,23075-23152,23980-24051,28260-28336,28363-28370"		"Charité_E_F:C26270T,ChinaCDC_N_F:G28881A;G28882A;G28883C"	88407	200	29741	3000	25.666667	good	993	10	0	good	0	24	-5	0	good	3		0	good	0		0		0	0	good		0	0	good	
hCoV-19/USA/OR-Curative-252237/2022	EPI_ISL_11682788	3/18/22	21L (Omicron)	BA.2	12.094938	good	62	0	0	0	45	0	0	1239	0	4	"C241T,T670G,C936T,C2790T,C3037T,G4184A,C4321T,C9344T,A9424G,C9534T,C9866T,C10029T,C10198T,G10447A,C10449A,G11083T,G11944A,C12880T,C14408T,C15714T,C17410T,A18163G,C19955T,A20055G,G21987A,T22200G,G22578A,C22674T,T22679C,C22686T,A22688G,T22882G,G22992A,C22995A,A23013C,A23040G,A23055G,A23063T,A23403G,C23525T,T23599G,C23604A,C23854A,G23948T,A24424T,T24469A,C25000T,C25355T,C25584T,C26060T,C26270T,C26577G,G26709A,C26858T,G27382C,A27383T,T27384C,C27807T,G28881A,G28882A,G28883C,A29510C"				G11083T|21J&19A	"C936T,G11944A,C25355T"	0	1	3	4		"E:T9I,M:Q19E,M:A63T,N:R203K,N:G204R,N:S413R,ORF1a:S135R,ORF1a:T224I,ORF1a:T842I,ORF1a:G1307S,ORF1a:L3027F,ORF1a:T3090I,ORF1a:L3201F,ORF1a:T3255I,ORF1a:P3395H,ORF1a:L3606F,ORF1b:P314L,ORF1b:R1315C,ORF1b:I1566V,ORF1b:T2163I,ORF3a:T223I,ORF6:D61L,S:G142D,S:V213G,S:G339D,S:S371F,S:S373P,S:S375F,S:T376A,S:N440K,S:S477N,S:T478K,S:E484A,S:Q493R,S:Q498R,S:N501Y,S:D614G,S:H655Y,S:N679K,S:P681H,S:N764K,S:D796Y,S:Q954H,S:N969K,S:L1265F"			"5989-6042,6846-6904,7669-7736,11288-11296,11318-11390,16035-16079,20461-20679,21515-21597,21599-21698,22707-22871,23075-23152,23979-24051,27222-27282,27413-27479,28260-28336,28363-28370"		"Charité_E_F:C26270T,ChinaCDC_N_F:G28881A;G28882A;G28883C"	88150	200	29666	3000	34.777778	mediocre	1239	10	0	good	0	24	-1	0	good	7		0	good	0		0		0	0	good		0	0	good	
hCoV-19/USA/OR-Curative-209849/2022	EPI_ISL_11682808	3/19/22	21K (Omicron)	BA.1.1	10.192647	good	52	0	0	0	40	0	0	1162	0	4	"C241T,C2470T,A2832G,C3037T,T5386G,T5762C,G8393A,C10029T,C10449A,A11537G,T13195C,C14408T,C15240T,A18163G,C21846T,G22578A,G22599A,T22673C,C22674T,T22679C,C22686T,T22882G,G22898A,G22992A,C22995A,A23013C,A23040G,G23048A,A23055G,A23063T,C23202A,A23403G,C23525T,T23599G,C23604A,C23854A,G23948T,C24130A,A24424T,T24469A,C24503T,C25000T,C25207T,C25584T,C26270T,A26530G,C26577G,G26709A,C27807T,G28881A,G28882A,G28883C"					"T5762C,C25207T"	0	0	2	2		"E:T9I,M:D3G,M:Q19E,M:A63T,N:R203K,N:G204R,ORF1a:K856R,ORF1a:C1833R,ORF1a:A2710T,ORF1a:T3255I,ORF1a:P3395H,ORF1a:I3758V,ORF1b:P314L,ORF1b:I1566V,S:T95I,S:G339D,S:R346K,S:S371L,S:S373P,S:S375F,S:N440K,S:G446S,S:S477N,S:T478K,S:E484A,S:Q493R,S:G496S,S:Q498R,S:N501Y,S:T547K,S:D614G,S:H655Y,S:N679K,S:P681H,S:N764K,S:D796Y,S:N856K,S:Q954H,S:N969K,S:L981F"			"6513-6515,7669-7736,11283-11291,11318-11390,16035-16079,20461-20679,21599-21787,21896-21988,22194-22196,22707-22871,23075-23152,23980-24051,27222-27282,28260-28336,28363-28369"		"Charité_E_F:C26270T,ChinaCDC_N_F:G28881A;G28882A;G28883C"	88415	200	29741	3000	31.925926	mediocre	1162	10	0	good	0	24	-6	0	good	2		0	good	0		0		0	0	good		0	0	good	
hCoV-19/USA/OR-Curative-228517/2022	EPI_ISL_11682809	3/19/22	21L (Omicron)	BA.2.9	1265.514746	bad	32	0	0	0	21	0	0	9905	0	5	"C241T,T670G,C3037T,G4184A,C4321T,T4443C,A9424G,C9534T,C9866T,C10029T,C10198T,C12880T,C17410T,C19955T,A20055G,A23403G,C23525T,T23599G,C23604A,A24424T,T24469A,C25584T,C25624T,C26270T,G26709A,C26858T,C27807T,G28881A,G28882A,G28883C,C29171T,A29510C"					"T4443C,C29171T"	0	0	2	2		"E:T9I,M:A63T,N:R203K,N:G204R,N:H300Y,N:S413R,ORF1a:S135R,ORF1a:G1307S,ORF1a:V1393A,ORF1a:T3090I,ORF1a:L3201F,ORF1a:T3255I,ORF1b:R1315C,ORF1b:T2163I,ORF3a:H78Y,S:D614G,S:H655Y,S:N679K,S:P681H,S:Q954H,S:N969K"			"1582-1629,1667-1892,2257-2299,2406-2463,2748-2892,3151-3198,3301-3528,3584-3625,3728-4146,4503-4562,5161-5242,5251-5301,5338-5393,5653-5724,5729-5818,5825-6129,6155-6213,6481-6654,6750-6904,7001-7304,7313-7402,7669-7736,7833-7876,8125-8188,8286-8332,8440-8620,8974-9017,9320-9381,9548-9604,9644-9694,9710-9779,10035-10092,10367-10501,10555-10688,10786-10836,10998-11068,11231-11390,11636-11691,12418-12470,13601-13730,14129-14200,14308-14516,15713-15771,15955-16135,16328-16509,16854-16931,17830-17904,18100-18177,19055-19568,19668-19747,19767-19920,20187-21152,21421-21698,21896-22227,22517-23152,23729-24051,24231-24411,24516-24594,24952-25050,25054-25239,25337-25402,25900-25997,26001-26086,26449-26616,27222-27283,27364-27479,27826-27897,28161-28336,28363-28370"		"Charité_E_F:C26270T,ChinaCDC_N_F:G28881A;G28882A;G28883C,USCDC_N2_F:C29171T"	88270	200	29666	3000	355.740741	bad	9905	10	0	good	0	24	-6	0	good	2		0	good	0		0		0	0	good		0	0	good	
hCoV-19/USA/OR-Curative-269784/2022	EPI_ISL_11682810	3/19/22	21L (Omicron)	BA.2.9	2.595679	good	65	0	0	0	47	0	0	735	0	5	"C241T,T670G,C2790T,C3037T,G4184A,C4321T,T4443C,C9344T,A9424G,C9534T,C9866T,C10029T,C10198T,G10447A,C10449A,C12880T,C14408T,C15714T,C17410T,A18163G,C19955T,A20055G,C21618T,G21987A,T22200G,G22578A,C22674T,T22679C,C22686T,A22688G,C22792T,G22813T,T22882G,G22992A,C22995A,A23013C,A23040G,A23055G,A23063T,A23403G,C23525T,T23599G,C23604A,C23854A,G23948T,A24424T,T24469A,C25000T,C25584T,C25624T,C26060T,C26270T,C26577G,G26709A,C26858T,A27259C,G27382C,A27383T,T27384C,C27807T,G28881A,G28882A,G28883C,C29171T,A29510C"					"T4443C,C29171T"	0	0	2	2		"E:T9I,M:Q19E,M:A63T,N:R203K,N:G204R,N:H300Y,N:S413R,ORF1a:S135R,ORF1a:T842I,ORF1a:G1307S,ORF1a:V1393A,ORF1a:L3027F,ORF1a:T3090I,ORF1a:L3201F,ORF1a:T3255I,ORF1a:P3395H,ORF1b:P314L,ORF1b:R1315C,ORF1b:I1566V,ORF1b:T2163I,ORF3a:H78Y,ORF3a:T223I,ORF6:D61L,S:T19I,S:G142D,S:V213G,S:G339D,S:S371F,S:S373P,S:S375F,S:T376A,S:K417N,S:N440K,S:S477N,S:T478K,S:E484A,S:Q493R,S:Q498R,S:N501Y,S:D614G,S:H655Y,S:N679K,S:P681H,S:N764K,S:D796Y,S:Q954H,S:N969K"			"7669-7736,11288-11296,11318-11390,16035-16079,20461-20679,21633-21641,22707-22788,23075-23152,27413-27479,28260-28336,28363-28370"		"Charité_E_F:C26270T,ChinaCDC_N_F:G28881A;G28882A;G28883C,USCDC_N2_F:C29171T"	88138	200	29666	3000	16.111111	good	735	10	0	good	0	24	-6	0	good	2		0	good	0		0		0	0	good		0	0	good	
hCoV-19/USA/OR-Curative-203939/2022	EPI_ISL_11682817	3/20/22	21L (Omicron)	BA.2.3	234.65701	bad	49	0	0	0	31	0	0	4436	0	4	"C241T,T670G,C2790T,C3037T,G4184A,C4321T,C8991T,C9344T,A9424G,C9534T,C9866T,C10029T,C10198T,G10447A,C10449A,C12880T,C14408T,C15714T,C17004T,C17410T,A18163G,C19955T,A20055G,G21987A,T22200G,A23403G,C23525T,T23599G,C23604A,A24424T,T24469A,C25000T,C25584T,C25810T,C26060T,C26270T,C26577G,G26709A,C26858T,A27259C,G27382C,A27383T,T27384C,C27807T,C28419T,G28881A,G28882A,G28883C,A29510C"					"C17004T,C28419T"	0	0	2	2		"E:T9I,M:Q19E,M:A63T,N:T49I,N:R203K,N:G204R,N:S413R,ORF1a:S135R,ORF1a:T842I,ORF1a:G1307S,ORF1a:A2909V,ORF1a:L3027F,ORF1a:T3090I,ORF1a:L3201F,ORF1a:T3255I,ORF1a:P3395H,ORF1b:P314L,ORF1b:R1315C,ORF1b:I1566V,ORF1b:T2163I,ORF3a:L140F,ORF3a:T223I,ORF6:D61L,S:G142D,S:V213G,S:D614G,S:H655Y,S:N679K,S:P681H,S:Q954H,S:N969K"			"2827-2892,3728-3981,4246-4302,5729-5818,5825-5894,5916-6042,6556-6654,6750-6904,7001-7059,7159-7247,7343-7402,7669-7736,7922-7969,8531-8620,9644-9694,9710-9779,10609-10688,10998-11068,11261-11390,14308-14363,14470-14516,16034-16079,16408-16509,17830-17904,19844-19920,20187-20361,20461-20679,20787-20981,20989-21066,21421-21698,21896-21979,22076-22159,22517-22609,22619-23152,23815-23875,23892-24051,24318-24411,25148-25239,26524,27413-27479,28260-28336,28363-28369"		"Charité_E_F:C26270T,ChinaCDC_N_F:G28881A;G28882A;G28883C"	88202	200	29666	3000	153.185185	bad	4436	10	0	good	0	24	-6	0	good	2		0	good	0		0		0	0	good		0	0	good	
hCoV-19/USA/OR-Curative-249973/2022	EPI_ISL_11682818	3/20/22	21K (Omicron)	BA.1.1	5.933611	good	54	0	0	0	40	0	0	948	0	4	"C241T,C2470T,A2832G,C3037T,C3619T,T5386G,C5512T,G8393A,C10029T,C10449A,A11537G,T13195C,C14408T,C15240T,A18163G,T19404C,C21846T,G22578A,G22599A,T22673C,C22674T,T22679C,C22686T,G22813T,T22882G,G22898A,G22992A,C22995A,A23013C,A23040G,G23048A,A23055G,A23063T,C23202A,A23403G,C23525T,T23599G,C23604A,C23854A,G23948T,C24130A,A24424T,T24469A,C24503T,C25000T,C25584T,C26270T,A26530G,C26577G,G26709A,C27807T,G28881A,G28882A,G28883C"			T21762C		"C3619T,C5512T,T19404C"	1	0	3	4		"E:T9I,M:D3G,M:Q19E,M:A63T,N:R203K,N:G204R,ORF1a:K856R,ORF1a:A2710T,ORF1a:T3255I,ORF1a:P3395H,ORF1a:I3758V,ORF1b:P314L,ORF1b:I1566V,S:T95I,S:G339D,S:R346K,S:S371L,S:S373P,S:S375F,S:K417N,S:N440K,S:G446S,S:S477N,S:T478K,S:E484A,S:Q493R,S:G496S,S:Q498R,S:N501Y,S:T547K,S:D614G,S:H655Y,S:N679K,S:P681H,S:N764K,S:D796Y,S:N856K,S:Q954H,S:N969K,S:L981F"			"5396-5448,6513-6515,7669-7736,11283-11291,11318-11390,16035-16079,20461-20679,21765-21770,21896-21988,22194-22196,22707-22788,23075-23152,23980-24051,27222-27282,28260-28336,28364-28369"		"Charité_E_F:C26270T,ChinaCDC_N_F:G28881A;G28882A;G28883C"	88407	200	29741	3000	24	good	948	10	0	good	0	24	1	4.166667	good	9		0	good	0		0		0	0	good		0	0	good	
hCoV-19/USA/OR-Curative-240801/2022	EPI_ISL_11682819	3/20/22	21K (Omicron)	BA.1.1	10.651608	good	56	0	0	0	40	0	0	1114	0	4	"C241T,C2455T,C2470T,A2832G,C3037T,T5386G,G8393A,C8818T,C10029T,C10449A,A11537G,T13195C,C14408T,A14940G,C15240T,C16995T,A18163G,C21846T,G22332A,G22578A,G22599A,T22673C,C22674T,T22679C,C22686T,T22882G,G22898A,G22992A,C22995A,A23013C,A23040G,G23048A,A23055G,A23063T,C23202A,A23403G,C23525T,T23599G,C23604A,C23854A,G23948T,C24130A,A24424T,T24469A,C24503T,C25000T,C25584T,C26270T,A26530G,C26577G,G26709A,A27259C,C27807T,G28881A,G28882A,G28883C"			T21762C		"C2455T,C8818T,A14940G,C16995T,G22332A"	1	0	5	6		"E:T9I,M:D3G,M:Q19E,M:A63T,N:R203K,N:G204R,ORF1a:K856R,ORF1a:A2710T,ORF1a:T3255I,ORF1a:P3395H,ORF1a:I3758V,ORF1b:P314L,ORF1b:I1566V,S:T95I,S:G257D,S:G339D,S:R346K,S:S371L,S:S373P,S:S375F,S:N440K,S:G446S,S:S477N,S:T478K,S:E484A,S:Q493R,S:G496S,S:Q498R,S:N501Y,S:T547K,S:D614G,S:H655Y,S:N679K,S:P681H,S:N764K,S:D796Y,S:N856K,S:Q954H,S:N969K,S:L981F"			"5989-6042,6513-6515,6846-6904,7669-7736,11283-11291,11318-11390,16035-16079,20461-20679,21765-21770,21896-21988,22076-22159,22194-22196,22707-22871,23075-23152,23980-24051,28260-28336,28364-28369"		"Charité_E_F:C26270T,ChinaCDC_N_F:G28881A;G28882A;G28883C"	88399	200	29741	3000	30.148148	mediocre	1114	10	0	good	0	24	3	12.5	good	11		0	good	0		0		0	0	good		0	0	good	
hCoV-19/USA/OR-CDC-QDX35038451/2022	EPI_ISL_11697180	3/16/22	21K (Omicron)	BA.1.1.16	0	good	63	48	9	0	51	19	1	0	0	5	"C241T,C2470T,A2832G,C3037T,T3883C,T5386G,C6363T,G8393A,C10029T,C10449A,T11121C,A11537G,T13195C,C14408T,C15240T,C16887T,A18163G,C21595T,C21762T,C21846T,G22578A,G22599A,T22673C,C22674T,T22679C,C22686T,G22813T,T22882G,G22898A,G22992A,C22995A,A23013C,A23040G,G23048A,A23055G,A23063T,T23075C,C23202A,A23403G,C23525T,T23599G,C23604A,C23854A,G23948T,C24130A,A24424T,T24469A,C24503T,C25000T,C25584T,C26270T,A26530G,C26577G,G26709A,A27259C,C27509T,C27807T,A28271T,C28311T,G28881A,G28882A,G28883C,A29767T"	"510-518,6513-6515,11285-11293,21765-21770,21987-21995,22194-22196,28362-28370"	22204:GAGCCAGAA			"T3883C,C6363T,T11121C,C16887T,G27509T,A29767T"	0	0	6	6		"E:T9I,M:D3G,M:Q19E,M:A63T,N:P13L,N:R203K,N:G204R,ORF1a:M85V,ORF1a:K856R,ORF1a:A2033V,ORF1a:L2084I,ORF1a:A2710T,ORF1a:T3255I,ORF1a:P3395H,ORF1a:I3619T,ORF1a:I3758V,ORF1b:P314L,ORF1b:I1566V,ORF7a:T39I,ORF9b:P10S,S:A67V,S:T95I,S:Y145D,S:L212I,S:G339D,S:R346K,S:S371L,S:S373P,S:S375F,S:K417N,S:N440K,S:G446S,S:S477N,S:T478K,S:E484A,S:Q493R,S:G496S,S:Q498R,S:N501Y,S:Y505H,S:T547K,S:D614G,S:H655Y,S:N679K,S:P681H,S:N764K,S:D796Y,S:N856K,S:Q954H,S:N969K,S:L981F"	"N:E31-,N:R32-,N:S33-,ORF1a:G82-,ORF1a:H83-,ORF1a:V84-,ORF1a:S2083-,ORF1a:L3674-,ORF1a:S3675-,ORF1a:G3676-,ORF9b:E27-,ORF9b:N28-,ORF9b:A29-,S:H69-,S:V70-,S:G142-,S:V143-,S:Y144-,S:N211-"	S:214:EPE			"Charité_E_F:C26270T,ChinaCDC_N_F:G28881A;G28882A;G28883C,USCDC_N1_P:C28311T"	88874	50	29827	3000	0	good	0	10	0	good	0	24	-1	0	good	7		0	good	0		0		0	0	good		0	0	good	
hCoV-19/USA/OR-CDC-ASC210737249/2022	EPI_ISL_11703449	3/18/22	21K (Omicron)	BA.1.1	0	good	60	39	9	0	48	16	1	0	0	5	"C241T,C2470T,A2832G,C3037T,T5386G,C7926T,G8393A,C8950T,C10029T,C10449A,A11537G,A12460G,T13195C,C14408T,C15240T,A18163G,C21762T,C21846T,G22578A,G22599A,T22673C,C22674T,T22679C,C22686T,G22813T,T22882G,G22898A,G22992A,C22995A,A23013C,A23040G,G23048A,A23055G,A23063T,T23075C,C23202A,A23403G,C23525T,T23599G,C23604A,C23854A,G23948T,C24130A,A24424T,T24469A,C24503T,C25000T,C25521T,C25584T,C26270T,A26530G,C26577G,G26709A,A27259C,C27807T,A28271T,C28311T,G28881A,G28882A,G28883C"	"6513-6515,11285-11293,21765-21770,21987-21995,22194-22196,28362-28370"	22204:GAGCCAGAA		C7926T|21J	"C8950T,A12460G,C25521T"	0	1	3	4		"E:T9I,M:D3G,M:Q19E,M:A63T,N:P13L,N:R203K,N:G204R,ORF1a:K856R,ORF1a:L2084I,ORF1a:A2554V,ORF1a:A2710T,ORF1a:T3255I,ORF1a:P3395H,ORF1a:I3758V,ORF1b:P314L,ORF1b:I1566V,ORF9b:P10S,S:A67V,S:T95I,S:Y145D,S:L212I,S:G339D,S:R346K,S:S371L,S:S373P,S:S375F,S:K417N,S:N440K,S:G446S,S:S477N,S:T478K,S:E484A,S:Q493R,S:G496S,S:Q498R,S:N501Y,S:Y505H,S:T547K,S:D614G,S:H655Y,S:N679K,S:P681H,S:N764K,S:D796Y,S:N856K,S:Q954H,S:N969K,S:L981F"	"N:E31-,N:R32-,N:S33-,ORF1a:S2083-,ORF1a:L3674-,ORF1a:S3675-,ORF1a:G3676-,ORF9b:E27-,ORF9b:N28-,ORF9b:A29-,S:H69-,S:V70-,S:G142-,S:V143-,S:Y144-,S:N211-"	S:214:EPE			"Charité_E_F:C26270T,ChinaCDC_N_F:G28881A;G28882A;G28883C,USCDC_N1_P:C28311T"	89056	25	29847	3000	0	good	0	10	0	good	0	24	-1	0	good	7		0	good	0		0		0	0	good		0	0	good	
hCoV-19/USA/OR-CDC-ASC210845734/2022	EPI_ISL_11703619	3/18/22	21K (Omicron)	BA.1.1	0	good	57	39	9	0	48	16	1	0	0	5	"C241T,C2470T,A2832G,C3037T,C3773T,T5386G,G8393A,C10029T,C10449A,A11537G,T13195C,C14408T,C15240T,A18163G,C21762T,C21846T,G22578A,G22599A,T22673C,C22674T,T22679C,C22686T,G22813T,T22882G,G22898A,G22992A,C22995A,A23013C,A23040G,G23048A,A23055G,A23063T,T23075C,C23202A,A23403G,C23525T,T23599G,C23604A,C23854A,G23948T,C24130A,A24424T,T24469A,C24503T,C25000T,C25584T,C26270T,A26530G,C26577G,G26709A,A27259C,C27807T,A28271T,C28311T,G28881A,G28882A,G28883C"	"6513-6515,11285-11293,21765-21770,21987-21995,22194-22196,28362-28370"	22204:GAGCCAGAA			C3773T	0	0	1	1		"E:T9I,M:D3G,M:Q19E,M:A63T,N:P13L,N:R203K,N:G204R,ORF1a:K856R,ORF1a:R1170C,ORF1a:L2084I,ORF1a:A2710T,ORF1a:T3255I,ORF1a:P3395H,ORF1a:I3758V,ORF1b:P314L,ORF1b:I1566V,ORF9b:P10S,S:A67V,S:T95I,S:Y145D,S:L212I,S:G339D,S:R346K,S:S371L,S:S373P,S:S375F,S:K417N,S:N440K,S:G446S,S:S477N,S:T478K,S:E484A,S:Q493R,S:G496S,S:Q498R,S:N501Y,S:Y505H,S:T547K,S:D614G,S:H655Y,S:N679K,S:P681H,S:N764K,S:D796Y,S:N856K,S:Q954H,S:N969K,S:L981F"	"N:E31-,N:R32-,N:S33-,ORF1a:S2083-,ORF1a:L3674-,ORF1a:S3675-,ORF1a:G3676-,ORF9b:E27-,ORF9b:N28-,ORF9b:A29-,S:H69-,S:V70-,S:G142-,S:V143-,S:Y144-,S:N211-"	S:214:EPE			"Charité_E_F:C26270T,ChinaCDC_N_F:G28881A;G28882A;G28883C,USCDC_N1_P:C28311T"	89047	31	29846	3000	0	good	0	10	0	good	0	24	-7	0	good	1		0	good	0		0		0	0	good		0	0	good	
hCoV-19/USA/OR-CDC-ASC210847434/2022	EPI_ISL_11704150	3/23/22	21K (Omicron)	BA.1.1	12.301907	good	57	44	9	0	47	16	1	1247	0	5	"A2832G,C3037T,T5386G,T6025C,G8393A,C10029T,C10449A,A11537G,C11668T,T13195C,C14408T,C15240T,C21595T,C21762T,C21846T,G22578A,G22599A,T22673C,C22674T,T22679C,C22686T,G22813T,T22882G,G22898A,G22992A,C22995A,A23013C,A23040G,G23048A,A23055G,A23063T,T23075C,C23202A,A23403G,C23525T,T23599G,C23604A,C23854A,G23948T,C24130A,A24424T,T24469A,C24503T,C25000T,C25584T,C26270T,A26530G,C26577G,G26709A,C26922A,A27259C,C27807T,A28271T,C28311T,G28881A,G28882A,G28883C"	"6513-6515,11285-11293,21765-21770,21987-21995,22194-22196,28362-28370,29750-29754"	22204:GAGCCAGAA		C21595T|21K	"T6025C,C11668T,C26922A"	0	1	3	4		"E:T9I,M:D3G,M:Q19E,M:A63T,M:L134I,N:P13L,N:R203K,N:G204R,ORF1a:K856R,ORF1a:L2084I,ORF1a:A2710T,ORF1a:T3255I,ORF1a:P3395H,ORF1a:I3758V,ORF1b:P314L,ORF9b:P10S,S:A67V,S:T95I,S:Y145D,S:L212I,S:G339D,S:R346K,S:S371L,S:S373P,S:S375F,S:K417N,S:N440K,S:G446S,S:S477N,S:T478K,S:E484A,S:Q493R,S:G496S,S:Q498R,S:N501Y,S:Y505H,S:T547K,S:D614G,S:H655Y,S:N679K,S:P681H,S:N764K,S:D796Y,S:N856K,S:Q954H,S:N969K,S:L981F"	"N:E31-,N:R32-,N:S33-,ORF1a:S2083-,ORF1a:L3674-,ORF1a:S3675-,ORF1a:G3676-,ORF9b:E27-,ORF9b:N28-,ORF9b:A29-,S:H69-,S:V70-,S:G142-,S:V143-,S:Y144-,S:N211-"	S:214:EPE	"2244-2494,4085-4125,4129-4134,4243-4320,7146-7392,15493,15495,18010-18250,19893-20096,26985-27161"		"Charité_E_F:C26270T,ChinaCDC_N_F:G28881A;G28882A;G28883C,USCDC_N1_P:C28311T"	88030	344	29827	3000	35.074074	mediocre	1247	10	0	good	0	24	0	0	good	8		0	good	0		0		0	0	good		0	0	good	
hCoV-19/USA/OR-CDC-ASC210738627/2022	EPI_ISL_11704267	3/24/22	21L (Omicron)	BA.2	0	good	67	53	0	0	50	12	0	0	0	5	"C241T,T670G,C2790T,C3037T,G4184A,C4321T,C9344T,A9424G,C9534T,C9866T,C10029T,C10198T,G10447A,C10449A,C12880T,C14408T,C15714T,C17410T,A18163G,C19955T,A20055G,C21618T,G21987A,T22200G,G22578A,C22674T,T22679C,C22686T,A22688G,G22775A,A22786C,C22792T,G22813T,T22882G,G22992A,C22995A,A23013C,A23040G,A23055G,A23063T,T23075C,A23403G,C23525T,T23599G,C23604A,C23854A,G23948T,A24424T,T24469A,C25000T,C25584T,C26060T,C26270T,C26577G,G26709A,C26858T,A27259C,G27382C,A27383T,T27384C,C27807T,A28271T,C28311T,G28881A,G28882A,G28883C,A29510C"	"11288-11296,21633-21641,28362-28370,29734-29759"					0	0	0	0		"E:T9I,M:Q19E,M:A63T,N:P13L,N:R203K,N:G204R,N:S413R,ORF1a:S135R,ORF1a:T842I,ORF1a:G1307S,ORF1a:L3027F,ORF1a:T3090I,ORF1a:L3201F,ORF1a:T3255I,ORF1a:P3395H,ORF1b:P314L,ORF1b:R1315C,ORF1b:I1566V,ORF1b:T2163I,ORF3a:T223I,ORF6:D61L,ORF9b:P10S,S:T19I,S:A27S,S:G142D,S:V213G,S:G339D,S:S371F,S:S373P,S:S375F,S:T376A,S:D405N,S:R408S,S:K417N,S:N440K,S:S477N,S:T478K,S:E484A,S:Q493R,S:Q498R,S:N501Y,S:Y505H,S:D614G,S:H655Y,S:N679K,S:P681H,S:N764K,S:D796Y,S:Q954H,S:N969K"	"N:E31-,N:R32-,N:S33-,ORF1a:S3675-,ORF1a:G3676-,ORF1a:F3677-,ORF9b:E27-,ORF9b:N28-,ORF9b:A29-,S:L24-,S:P25-,S:P26-"				"Charité_E_F:C26270T,ChinaCDC_N_F:G28881A;G28882A;G28883C,USCDC_N1_P:C28311T"	89005	25	29845	3000	0	good	0	10	0	good	0	24	-7	0	good	1		0	good	0		0		0	0	good		0	0	good	
hCoV-19/USA/OR-CDC-ASC210847543/2022	EPI_ISL_11704392	3/24/22	21L (Omicron)	BA.2.3	0	good	70	53	0	0	52	12	0	0	0	5	"C241T,T670G,C2245T,C2790T,C3037T,G4184A,C4321T,C8991T,C9344T,A9424G,C9534T,C9866T,C10029T,C10198T,G10447A,C10449A,C12880T,C14408T,C15714T,G17331A,C17410T,A18163G,C19955T,A20055G,C21618T,G21987A,T22200G,G22578A,C22674T,T22679C,C22686T,A22688G,G22775A,A22786C,G22813T,T22882G,G22992A,C22995A,A23013C,A23040G,A23055G,A23063T,T23075C,A23403G,C23525T,T23599G,C23604A,C23854A,G23948T,A24424T,T24469A,C25000T,C25584T,C25810T,C26060T,C26270T,C26577G,G26709A,C26858T,A27259C,G27382C,A27383T,T27384C,C27807T,A28271T,C28311T,G28881A,G28882A,G28883C,A29510C"	"11288-11296,21633-21641,28362-28370,29734-29759"				"C2245T,G17331A"	0	0	2	2		"E:T9I,M:Q19E,M:A63T,N:P13L,N:R203K,N:G204R,N:S413R,ORF1a:S135R,ORF1a:T842I,ORF1a:G1307S,ORF1a:A2909V,ORF1a:L3027F,ORF1a:T3090I,ORF1a:L3201F,ORF1a:T3255I,ORF1a:P3395H,ORF1b:P314L,ORF1b:R1315C,ORF1b:I1566V,ORF1b:T2163I,ORF3a:L140F,ORF3a:T223I,ORF6:D61L,ORF9b:P10S,S:T19I,S:A27S,S:G142D,S:V213G,S:G339D,S:S371F,S:S373P,S:S375F,S:T376A,S:D405N,S:R408S,S:K417N,S:N440K,S:S477N,S:T478K,S:E484A,S:Q493R,S:Q498R,S:N501Y,S:Y505H,S:D614G,S:H655Y,S:N679K,S:P681H,S:N764K,S:D796Y,S:Q954H,S:N969K"	"N:E31-,N:R32-,N:S33-,ORF1a:S3675-,ORF1a:G3676-,ORF1a:F3677-,ORF9b:E27-,ORF9b:N28-,ORF9b:A29-,S:L24-,S:P25-,S:P26-"				"Charité_E_F:C26270T,ChinaCDC_N_F:G28881A;G28882A;G28883C,USCDC_N1_P:C28311T"	88951	31	29837	3000	0	good	0	10	0	good	0	24	-5	0	good	3		0	good	0		0		0	0	good		0	0	good	
hCoV-19/USA/OR-CDC-ASC210847542/2022	EPI_ISL_11704393	3/24/22	21L (Omicron)	BA.2.3	0	good	70	53	0	0	53	12	0	0	0	5	"C241T,T670G,C2790T,C3037T,G4184A,C4321T,C8991T,C9344T,A9424G,C9534T,C9866T,C10029T,C10198T,G10447A,C10449A,C12880T,C14408T,C15714T,A15942G,C17410T,A18163G,C19955T,A20055G,C21618T,G21987A,T22200G,G22578A,C22674T,T22679C,C22686T,A22688G,G22775A,A22786C,G22813T,T22882G,G22992A,C22995A,A23013C,A23040G,A23055G,A23063T,T23075C,A23403G,C23525T,T23599G,C23604A,C23854A,G23948T,A24424T,T24469A,C25000T,A25492G,C25584T,C25810T,C26060T,C26270T,C26577G,G26709A,C26858T,A27259C,G27382C,A27383T,T27384C,C27807T,A28271T,C28311T,G28881A,G28882A,G28883C,A29510C"	"11288-11296,21633-21641,28362-28370,29734-29759"				"A15942G,A25492G"	0	0	2	2		"E:T9I,M:Q19E,M:A63T,N:P13L,N:R203K,N:G204R,N:S413R,ORF1a:S135R,ORF1a:T842I,ORF1a:G1307S,ORF1a:A2909V,ORF1a:L3027F,ORF1a:T3090I,ORF1a:L3201F,ORF1a:T3255I,ORF1a:P3395H,ORF1b:P314L,ORF1b:R1315C,ORF1b:I1566V,ORF1b:T2163I,ORF3a:T34A,ORF3a:L140F,ORF3a:T223I,ORF6:D61L,ORF9b:P10S,S:T19I,S:A27S,S:G142D,S:V213G,S:G339D,S:S371F,S:S373P,S:S375F,S:T376A,S:D405N,S:R408S,S:K417N,S:N440K,S:S477N,S:T478K,S:E484A,S:Q493R,S:Q498R,S:N501Y,S:Y505H,S:D614G,S:H655Y,S:N679K,S:P681H,S:N764K,S:D796Y,S:Q954H,S:N969K"	"N:E31-,N:R32-,N:S33-,ORF1a:S3675-,ORF1a:G3676-,ORF1a:F3677-,ORF9b:E27-,ORF9b:N28-,ORF9b:A29-,S:L24-,S:P25-,S:P26-"				"Charité_E_F:C26270T,ChinaCDC_N_F:G28881A;G28882A;G28883C,USCDC_N1_P:C28311T"	88993	25	29845	3000	0	good	0	10	0	good	0	24	-5	0	good	3		0	good	0		0		0	0	good		0	0	good	
hCoV-19/USA/OR-ASU57671/2022	EPI_ISL_11704882	1/12/22	21K (Omicron)	BA.1.1	4.845957	good	56	48	9	0	46	19	1	708	1	6	"C241T,C2470T,A2832G,C3037T,T5386G,G8393A,C10029T,C10449A,A10593G,A11537G,T13195C,C14408T,C15240T,T15521A,A18163G,C21595T,C21762T,C21846T,G22578A,G22599A,T22673C,C22674T,T22679C,C22686T,G22992A,C22995A,A23013C,A23040G,G23048A,A23055G,A23063T,T23075C,C23202A,A23403G,C23525T,T23599G,C23604A,G23948T,C24130A,A24424T,T24469A,C24503T,C25000T,C25584T,C26270T,A26530G,C26577G,G26709A,A27259C,C27807T,T27995C,A28271T,C28311T,G28881A,G28882A,G28883C"	"510-518,6513-6515,11285-11293,21765-21770,21987-21995,22194-22196,28362-28370"	22204:GAGCCAGAA		"T15521A|21J,C21595T|21K"	"A10593G,T27995C"	0	2	2	4		"E:T9I,M:D3G,M:Q19E,M:A63T,N:P13L,N:R203K,N:G204R,ORF1a:M85V,ORF1a:K856R,ORF1a:L2084I,ORF1a:A2710T,ORF1a:T3255I,ORF1a:P3395H,ORF1a:N3443S,ORF1a:I3758V,ORF1b:P314L,ORF1b:F685Y,ORF1b:I1566V,ORF9b:P10S,S:A67V,S:T95I,S:Y145D,S:L212I,S:G339D,S:R346K,S:S371L,S:S373P,S:S375F,S:S477N,S:T478K,S:E484A,S:Q493R,S:G496S,S:Q498R,S:N501Y,S:Y505H,S:T547K,S:D614G,S:H655Y,S:N679K,S:P681H,S:D796Y,S:N856K,S:Q954H,S:N969K,S:L981F"	"N:E31-,N:R32-,N:S33-,ORF1a:G82-,ORF1a:H83-,ORF1a:V84-,ORF1a:S2083-,ORF1a:L3674-,ORF1a:S3675-,ORF1a:G3676-,ORF9b:E27-,ORF9b:N28-,ORF9b:A29-,S:H69-,S:V70-,S:G142-,S:V143-,S:Y144-,S:N211-"	S:214:EPE	"22786-22974,23612-23650,23660-23876,26373-26414,26957-27177"	Y:15540	"Charité_RdRp_R:T15521A,Charité_E_F:C26270T,ChinaCDC_N_F:G28881A;G28882A;G28883C,USCDC_N1_P:C28311T"	88905	49	29827	3000	15.111111	good	708	10	10	good	1	24	3	12.5	good	11		0	good	0		0		0	0	good		0	0	good	
hCoV-19/USA/OR-CDC-STM-ER9A595F9/2022	EPI_ISL_11755152	3/15/22	21L (Omicron)	BA.2	0.173611	good	75	53	0	0	52	12	0	0	0	5	"C44T,C241T,T670G,C2790T,C3037T,G4184A,C4321T,A4572G,T6115A,G8179A,C9223T,C9344T,A9424G,C9534T,C9866T,C10029T,C10198T,G10447A,C10449A,C12880T,C14016T,C14408T,C15714T,C17410T,A18163G,C18828T,C19955T,A20055G,C21618T,G21987A,T22200G,G22578A,C22674T,T22679C,C22686T,A22688G,G22775A,A22786C,C22792T,G22813T,T22882G,G22992A,C22995A,A23013C,A23040G,A23055G,A23063T,T23075C,A23403G,C23525T,T23599G,C23604A,C23854A,G23948T,A24424T,T24469A,C25000T,C25584T,C26060T,C26270T,C26577G,G26709A,C26858T,A27259C,G27382C,A27383T,T27384C,C27807T,C27945T,A28271T,C28311T,G28881A,G28882A,G28883C,A29510C"	"11288-11296,21633-21641,28362-28370,29734-29759"				"C44T,A4572G,T6115A,G8179A,C9223T,C14016T,C18828T,C27945T"	0	0	8	8		"E:T9I,M:Q19E,M:A63T,N:P13L,N:R203K,N:G204R,N:S413R,ORF1a:S135R,ORF1a:T842I,ORF1a:G1307S,ORF1a:N1436S,ORF1a:L3027F,ORF1a:T3090I,ORF1a:L3201F,ORF1a:T3255I,ORF1a:P3395H,ORF1b:P314L,ORF1b:R1315C,ORF1b:I1566V,ORF1b:T2163I,ORF3a:T223I,ORF6:D61L,ORF8:Q18*,ORF9b:P10S,S:T19I,S:A27S,S:G142D,S:V213G,S:G339D,S:S371F,S:S373P,S:S375F,S:T376A,S:D405N,S:R408S,S:K417N,S:N440K,S:S477N,S:T478K,S:E484A,S:Q493R,S:Q498R,S:N501Y,S:Y505H,S:D614G,S:H655Y,S:N679K,S:P681H,S:N764K,S:D796Y,S:Q954H,S:N969K"	"N:E31-,N:R32-,N:S33-,ORF1a:S3675-,ORF1a:G3676-,ORF1a:F3677-,ORF9b:E27-,ORF9b:N28-,ORF9b:A29-,S:L24-,S:P25-,S:P26-"				"Charité_E_F:C26270T,ChinaCDC_N_F:G28881A;G28882A;G28883C,USCDC_N1_P:C28311T"	89222	0	29903	3000	0	good	0	10	0	good	0	24	1	4.166667	good	9		0	good	0		0		0	0	good		0	0	good	
hCoV-19/USA/OR-CDC-STM-S6DTTAAWU/2022	EPI_ISL_11755933	3/17/22	21L (Omicron)	BA.2	0	good	74	53	0	0	53	12	0	0	0	5	"C44T,C241T,T670G,C2790T,C3037T,G4184A,C4321T,A4572G,T6115A,G8179A,C9223T,C9344T,A9424G,C9534T,C9866T,C10029T,C10198T,G10447A,C10449A,C12880T,C14408T,C15714T,C17410T,A18163G,C19955T,A20055G,G21468T,C21618T,G21987A,T22200G,G22578A,C22674T,T22679C,C22686T,A22688G,G22775A,A22786C,C22792T,G22813T,T22882G,G22992A,C22995A,A23013C,A23040G,A23055G,A23063T,T23075C,A23403G,C23525T,T23599G,C23604A,C23854A,G23948T,A24424T,T24469A,C25000T,C25584T,C26060T,C26270T,C26577G,G26709A,C26858T,A27259C,G27382C,A27383T,T27384C,C27807T,C27945T,A28271T,C28311T,G28881A,G28882A,G28883C,A29510C"	"11288-11296,21633-21641,28362-28370,29734-29759"				"C44T,A4572G,T6115A,G8179A,C9223T,G21468T,C27945T"	0	0	7	7		"E:T9I,M:Q19E,M:A63T,N:P13L,N:R203K,N:G204R,N:S413R,ORF1a:S135R,ORF1a:T842I,ORF1a:G1307S,ORF1a:N1436S,ORF1a:L3027F,ORF1a:T3090I,ORF1a:L3201F,ORF1a:T3255I,ORF1a:P3395H,ORF1b:P314L,ORF1b:R1315C,ORF1b:I1566V,ORF1b:T2163I,ORF1b:M2667I,ORF3a:T223I,ORF6:D61L,ORF8:Q18*,ORF9b:P10S,S:T19I,S:A27S,S:G142D,S:V213G,S:G339D,S:S371F,S:S373P,S:S375F,S:T376A,S:D405N,S:R408S,S:K417N,S:N440K,S:S477N,S:T478K,S:E484A,S:Q493R,S:Q498R,S:N501Y,S:Y505H,S:D614G,S:H655Y,S:N679K,S:P681H,S:N764K,S:D796Y,S:Q954H,S:N969K"	"N:E31-,N:R32-,N:S33-,ORF1a:S3675-,ORF1a:G3676-,ORF1a:F3677-,ORF9b:E27-,ORF9b:N28-,ORF9b:A29-,S:L24-,S:P25-,S:P26-"				"Charité_E_F:C26270T,ChinaCDC_N_F:G28881A;G28882A;G28883C,USCDC_N1_P:C28311T"	89220	2	29903	3000	0	good	0	10	0	good	0	24	0	0	good	8		0	good	0		0		0	0	good		0	0	good	
hCoV-19/USA/OR-IVY-A93J33N8/2022	EPI_ISL_11756385	2/16/22	21K (Omicron)	BA.1.15	0.64	good	58	39	9	0	48	16	1	516	0	5	"C241T,A2832G,C3037T,C4582T,T5386G,G8393A,C10029T,T10135C,C10449A,A11537G,T13195C,C14408T,C15240T,A18163G,C21762T,C21846T,G22578A,T22673C,C22674T,T22679C,C22686T,G22813T,T22882G,G22898A,G22992A,C22995A,A23013C,A23040G,G23048A,A23055G,A23063T,T23075C,C23202A,A23403G,C23525T,T23599G,C23604A,C23854A,G23948T,C24130A,A24424T,T24469A,C24503T,C25000T,C25584T,C25708T,C26270T,A26530G,C26577G,G26709A,A27259C,C27807T,A28271T,C28311T,G28881A,G28882A,G28883C,A29301G"	"6513-6515,11285-11293,21765-21770,21987-21995,22194-22196,28362-28370"	22204:GAGCCAGAA			C4582T	0	0	1	1		"E:T9I,M:D3G,M:Q19E,M:A63T,N:P13L,N:R203K,N:G204R,N:D343G,ORF1a:K856R,ORF1a:L2084I,ORF1a:A2710T,ORF1a:T3255I,ORF1a:P3395H,ORF1a:I3758V,ORF1b:P314L,ORF1b:I1566V,ORF3a:L106F,ORF9b:P10S,S:A67V,S:T95I,S:Y145D,S:L212I,S:G339D,S:S371L,S:S373P,S:S375F,S:K417N,S:N440K,S:G446S,S:S477N,S:T478K,S:E484A,S:Q493R,S:G496S,S:Q498R,S:N501Y,S:Y505H,S:T547K,S:D614G,S:H655Y,S:N679K,S:P681H,S:N764K,S:D796Y,S:N856K,S:Q954H,S:N969K,S:L981F"	"N:E31-,N:R32-,N:S33-,ORF1a:S2083-,ORF1a:L3674-,ORF1a:S3675-,ORF1a:G3676-,ORF9b:E27-,ORF9b:N28-,ORF9b:A29-,S:H69-,S:V70-,S:G142-,S:V143-,S:Y144-,S:N211-"	S:214:EPE	"6248-6507,19209-19210,19212,19214,19217,26908-26909,26957-27177,27186,27193-27219"		"Charité_E_F:C26270T,ChinaCDC_N_F:G28881A;G28882A;G28883C,USCDC_N1_P:C28311T"	88929	50	29827	3000	8	good	516	10	0	good	0	24	-7	0	good	1		0	good	0		0		0	0	good		0	0	good	
hCoV-19/USA/OR-IVY-A93J33R4/2022	EPI_ISL_11756386	2/17/22	21K (Omicron)	BA.1.1	0.101454	good	54	39	9	0	44	16	1	386	0	5	"C241T,C2470T,A2832G,C3037T,T5386G,G8393A,C10029T,C10449A,A11537G,T13195C,C14408T,C15240T,T17574A,A18163G,C21762T,C21846T,G22578A,G22599A,T22673C,C22674T,T22679C,C22686T,G22992A,C22995A,A23013C,A23040G,G23048A,A23055G,A23063T,T23075C,C23202A,A23403G,C23525T,T23599G,C23604A,C23854A,G23948T,C24130A,A24424T,T24469A,C24503T,C25000T,C25584T,C26270T,A26530G,C26577G,G26709A,A27259C,C27807T,A28271T,C28311T,G28881A,G28882A,G28883C"	"6513-6515,11285-11293,21765-21770,21987-21995,22194-22196,28362-28370"	22204:GAGCCAGAA			T17574A	0	0	1	1		"E:T9I,M:D3G,M:Q19E,M:A63T,N:P13L,N:R203K,N:G204R,ORF1a:K856R,ORF1a:L2084I,ORF1a:A2710T,ORF1a:T3255I,ORF1a:P3395H,ORF1a:I3758V,ORF1b:P314L,ORF1b:I1566V,ORF9b:P10S,S:A67V,S:T95I,S:Y145D,S:L212I,S:G339D,S:R346K,S:S371L,S:S373P,S:S375F,S:S477N,S:T478K,S:E484A,S:Q493R,S:G496S,S:Q498R,S:N501Y,S:Y505H,S:T547K,S:D614G,S:H655Y,S:N679K,S:P681H,S:N764K,S:D796Y,S:N856K,S:Q954H,S:N969K,S:L981F"	"N:E31-,N:R32-,N:S33-,ORF1a:S2083-,ORF1a:L3674-,ORF1a:S3675-,ORF1a:G3676-,ORF9b:E27-,ORF9b:N28-,ORF9b:A29-,S:H69-,S:V70-,S:G142-,S:V143-,S:Y144-,S:N211-"	S:214:EPE	"19210,19217,22786-22942,26922,26924,26957-27177,27184,27190,27193-27194"		"Charité_E_F:C26270T,ChinaCDC_N_F:G28881A;G28882A;G28883C,USCDC_N1_P:C28311T"	88945	50	29827	3000	3.185185	good	386	10	0	good	0	24	-7	0	good	1		0	good	0		0		0	0	good		0	0	good	
hCoV-19/USA/OR-IVY-A93J33S3/2022	EPI_ISL_11756387	2/18/22	21K (Omicron)	BA.1	0.449396	good	61	39	9	0	46	16	1	481	0	6	"C241T,A2832G,C3037T,T5386G,G5515T,C6196T,G8393A,C9448T,C10029T,C10228T,C10449A,A11537G,T13195C,C14408T,C15240T,C17985T,A18163G,C21762T,C21846T,G22578A,T22673C,C22674T,T22679C,C22686T,G22813T,T22882G,G22898A,G22992A,C22995A,A23013C,A23040G,G23048A,A23055G,A23063T,T23075C,C23202A,A23403G,C23525T,T23599G,C23604A,C23854A,G23948T,C24130A,A24424T,T24469A,C24503T,C25000T,C25207T,C25584T,C26270T,A26530G,C26577G,G26709A,A27259C,C27807T,A28271T,C28310T,C28311T,G28881A,G28882A,G28883C"	"6513-6515,11285-11293,21765-21770,21987-21995,22194-22196,28362-28370"	22204:GAGCCAGAA			"G5515T,C6196T,C9448T,C10228T,C17985T,C25207T,C28310T"	0	0	7	7		"E:T9I,M:D3G,M:Q19E,M:A63T,N:P13F,N:R203K,N:G204R,ORF1a:K856R,ORF1a:L2084I,ORF1a:A2710T,ORF1a:T3255I,ORF1a:P3395H,ORF1a:I3758V,ORF1b:P314L,ORF1b:I1566V,ORF9b:P10S,S:A67V,S:T95I,S:Y145D,S:L212I,S:G339D,S:S371L,S:S373P,S:S375F,S:K417N,S:N440K,S:G446S,S:S477N,S:T478K,S:E484A,S:Q493R,S:G496S,S:Q498R,S:N501Y,S:Y505H,S:T547K,S:D614G,S:H655Y,S:N679K,S:P681H,S:N764K,S:D796Y,S:N856K,S:Q954H,S:N969K,S:L981F"	"N:E31-,N:R32-,N:S33-,ORF1a:S2083-,ORF1a:L3674-,ORF1a:S3675-,ORF1a:G3676-,ORF9b:E27-,ORF9b:N28-,ORF9b:A29-,S:H69-,S:V70-,S:G142-,S:V143-,S:Y144-,S:N211-"	S:214:EPE	"6248-6507,26957-27177"		"Charité_E_F:C26270T,ChinaCDC_N_F:G28881A;G28882A;G28883C,USCDC_N1_P:C28310T;C28311T"	88917	50	29827	3000	6.703704	good	481	10	0	good	0	24	-1	0	good	7		0	good	0		0		0	0	good		0	0	good	
hCoV-19/USA/OR-IVY-A93J33V9/2022	EPI_ISL_11756388	2/23/22	21K (Omicron)	BA.1.1	0	good	57	39	9	0	47	16	1	221	0	5	"C241T,C2470T,A2832G,C3037T,T5386G,G8393A,C10029T,C10449A,A11537G,T13195C,C14408T,C15240T,A18163G,C21595T,C21762T,C21846T,G22578A,G22599A,T22673C,C22674T,T22679C,C22686T,G22813T,T22882G,G22898A,G22992A,C22995A,A23013C,A23040G,G23048A,A23055G,A23063T,T23075C,C23202A,A23403G,C23525T,T23599G,C23604A,C23854A,G23948T,C24130A,A24424T,T24469A,C24503T,C25000T,C25584T,C26270T,A26530G,C26577G,G26709A,A27259C,C27807T,A28271T,C28311T,G28881A,G28882A,G28883C"	"6513-6515,11285-11293,21765-21770,21987-21995,22194-22196,28362-28370"	22204:GAGCCAGAA		C21595T|21K		0	1	0	1		"E:T9I,M:D3G,M:Q19E,M:A63T,N:P13L,N:R203K,N:G204R,ORF1a:K856R,ORF1a:L2084I,ORF1a:A2710T,ORF1a:T3255I,ORF1a:P3395H,ORF1a:I3758V,ORF1b:P314L,ORF1b:I1566V,ORF9b:P10S,S:A67V,S:T95I,S:Y145D,S:L212I,S:G339D,S:R346K,S:S371L,S:S373P,S:S375F,S:K417N,S:N440K,S:G446S,S:S477N,S:T478K,S:E484A,S:Q493R,S:G496S,S:Q498R,S:N501Y,S:Y505H,S:T547K,S:D614G,S:H655Y,S:N679K,S:P681H,S:N764K,S:D796Y,S:N856K,S:Q954H,S:N969K,S:L981F"	"N:E31-,N:R32-,N:S33-,ORF1a:S2083-,ORF1a:L3674-,ORF1a:S3675-,ORF1a:G3676-,ORF9b:E27-,ORF9b:N28-,ORF9b:A29-,S:H69-,S:V70-,S:G142-,S:V143-,S:Y144-,S:N211-"	S:214:EPE	26957-27177		"Charité_E_F:C26270T,ChinaCDC_N_F:G28881A;G28882A;G28883C,USCDC_N1_P:C28311T"	88933	50	29827	3000	0	good	221	10	0	good	0	24	-4	0	good	4		0	good	0		0		0	0	good		0	0	good	
hCoV-19/USA/OR-CDC-ASC210737509/2022	EPI_ISL_11757810	3/20/22	21K (Omicron)	BA.1.1	4.340278	good	62	42	9	0	48	17	1	0	0	5	"C241T,C2470T,A2832G,C3037T,T4450C,T5386G,G8393A,C10029T,G10384A,C10449A,C11514T,A11537G,T13195C,C14408T,C15240T,A18163G,C19113T,C21595T,C21762T,C21846T,G22578A,G22599A,T22673C,C22674T,T22679C,C22686T,G22813T,T22882G,G22898A,G22992A,C22995A,A23013C,A23040G,G23048A,A23055G,A23063T,T23075C,C23202A,A23403G,C23525T,T23599G,C23604A,C23854A,G23948T,C24130A,A24424T,T24469A,C24503T,C25000T,C25584T,C26270T,A26530G,C26577G,G26709A,A27259C,C27807T,A28271T,C28311T,G28881A,G28882A,G28883C,T29479C"	"6513-6515,11285-11293,16168-16170,21765-21770,21987-21995,22194-22196,28362-28370"	22204:GAGCCAGAA		"C11514T|21I,C21595T|21K"	"T4450C,G10384A,C19113T,T29479C"	0	2	4	6		"E:T9I,M:D3G,M:Q19E,M:A63T,N:P13L,N:R203K,N:G204R,ORF1a:K856R,ORF1a:L2084I,ORF1a:A2710T,ORF1a:T3255I,ORF1a:P3395H,ORF1a:T3750I,ORF1a:I3758V,ORF1b:P314L,ORF1b:I1566V,ORF9b:P10S,S:A67V,S:T95I,S:Y145D,S:L212I,S:G339D,S:R346K,S:S371L,S:S373P,S:S375F,S:K417N,S:N440K,S:G446S,S:S477N,S:T478K,S:E484A,S:Q493R,S:G496S,S:Q498R,S:N501Y,S:Y505H,S:T547K,S:D614G,S:H655Y,S:N679K,S:P681H,S:N764K,S:D796Y,S:N856K,S:Q954H,S:N969K,S:L981F"	"N:E31-,N:R32-,N:S33-,ORF1a:S2083-,ORF1a:L3674-,ORF1a:S3675-,ORF1a:G3676-,ORF1b:D901-,ORF9b:E27-,ORF9b:N28-,ORF9b:A29-,S:H69-,S:V70-,S:G142-,S:V143-,S:Y144-,S:N211-"	S:214:EPE			"Charité_E_F:C26270T,ChinaCDC_N_F:G28881A;G28882A;G28883C,USCDC_N1_P:C28311T"	88993	33	29842	3000	0	good	0	10	0	good	0	24	5	20.833333	good	13		0	good	0		0		0	0	good		0	0	good	
hCoV-19/USA/OR-CDC-ASC210846702/2022	EPI_ISL_11758040	3/21/22	21K (Omicron)	BA.1.1	0	good	60	44	9	0	48	16	1	0	0	5	"C241T,C2470T,A2832G,C3037T,T5386G,T6025C,G8393A,C10029T,C10449A,A11537G,C11668T,T13195C,C14408T,C15240T,A18163G,C21595T,C21762T,C21846T,G22578A,G22599A,T22673C,C22674T,T22679C,C22686T,G22813T,T22882G,G22898A,G22992A,C22995A,A23013C,A23040G,G23048A,A23055G,A23063T,T23075C,C23202A,A23403G,C23525T,T23599G,C23604A,C23854A,G23948T,C24130A,A24424T,T24469A,C24503T,C25000T,C25584T,C26270T,A26530G,C26577G,G26709A,C26922A,A27259C,C27807T,A28271T,C28311T,G28881A,G28882A,G28883C"	"6513-6515,11285-11293,21765-21770,21987-21995,22194-22196,28362-28370,29750-29754"	22204:GAGCCAGAA		C21595T|21K	"T6025C,C11668T,C26922A"	0	1	3	4		"E:T9I,M:D3G,M:Q19E,M:A63T,M:L134I,N:P13L,N:R203K,N:G204R,ORF1a:K856R,ORF1a:L2084I,ORF1a:A2710T,ORF1a:T3255I,ORF1a:P3395H,ORF1a:I3758V,ORF1b:P314L,ORF1b:I1566V,ORF9b:P10S,S:A67V,S:T95I,S:Y145D,S:L212I,S:G339D,S:R346K,S:S371L,S:S373P,S:S375F,S:K417N,S:N440K,S:G446S,S:S477N,S:T478K,S:E484A,S:Q493R,S:G496S,S:Q498R,S:N501Y,S:Y505H,S:T547K,S:D614G,S:H655Y,S:N679K,S:P681H,S:N764K,S:D796Y,S:N856K,S:Q954H,S:N969K,S:L981F"	"N:E31-,N:R32-,N:S33-,ORF1a:S2083-,ORF1a:L3674-,ORF1a:S3675-,ORF1a:G3676-,ORF9b:E27-,ORF9b:N28-,ORF9b:A29-,S:H69-,S:V70-,S:G142-,S:V143-,S:Y144-,S:N211-"	S:214:EPE			"Charité_E_F:C26270T,ChinaCDC_N_F:G28881A;G28882A;G28883C,USCDC_N1_P:C28311T"	89014	31	29846	3000	0	good	0	10	0	good	0	24	0	0	good	8		0	good	0		0		0	0	good		0	0	good	
hCoV-19/USA/OR-CDC-ASC210847057/2022	EPI_ISL_11758134	3/21/22	21K (Omicron)	BA.1.1	0.173611	good	62	39	9	0	50	16	1	0	0	6	"C241T,G353A,C2470T,A2832G,C3037T,T5386G,G8393A,C10029T,C10449A,A11537G,G13045T,T13195C,C14408T,C15240T,A18163G,A19626G,C21595T,C21762T,C21846T,G22578A,G22599A,T22673C,C22674T,T22679C,C22686T,G22813T,T22882G,G22898A,G22992A,C22995A,A23013C,A23040G,G23048A,A23055G,A23063T,T23075C,C23202A,A23403G,C23525T,T23599G,C23604A,C23854A,G23948T,C24130A,A24424T,T24469A,C24503T,C25000T,C25584T,C26270T,A26530G,C26577G,G26709A,A27259C,C27807T,C27849T,A28271T,C28311T,G28881A,G28882A,G28883C,C28892T"	"6513-6515,11285-11293,21765-21770,21987-21995,22194-22196,28362-28370"	22204:GAGCCAGAA		C21595T|21K	"G353A,G13045T,A19626G,C27849T,C28892T"	0	1	5	6		"E:T9I,M:D3G,M:Q19E,M:A63T,N:P13L,N:R203K,N:G204R,N:P207S,ORF1a:G30S,ORF1a:K856R,ORF1a:L2084I,ORF1a:A2710T,ORF1a:T3255I,ORF1a:P3395H,ORF1a:I3758V,ORF1b:P314L,ORF1b:I1566V,ORF7b:L32F,ORF9b:P10S,S:A67V,S:T95I,S:Y145D,S:L212I,S:G339D,S:R346K,S:S371L,S:S373P,S:S375F,S:K417N,S:N440K,S:G446S,S:S477N,S:T478K,S:E484A,S:Q493R,S:G496S,S:Q498R,S:N501Y,S:Y505H,S:T547K,S:D614G,S:H655Y,S:N679K,S:P681H,S:N764K,S:D796Y,S:N856K,S:Q954H,S:N969K,S:L981F"	"N:E31-,N:R32-,N:S33-,ORF1a:S2083-,ORF1a:L3674-,ORF1a:S3675-,ORF1a:G3676-,ORF9b:E27-,ORF9b:N28-,ORF9b:A29-,S:H69-,S:V70-,S:G142-,S:V143-,S:Y144-,S:N211-"	S:214:EPE			"Charité_E_F:C26270T,ChinaCDC_N_F:G28881A;G28882A;G28883C;C28892T,USCDC_N1_P:C28311T"	89003	34	29841	3000	0	good	0	10	0	good	0	24	1	4.166667	good	9		0	good	0		0		0	0	good		0	0	good	
hCoV-19/USA/OR-CDC-ASC210847304/2022	EPI_ISL_11759152	3/23/22	21L (Omicron)	BA.2	0	good	70	53	0	0	52	12	0	0	0	5	"C241T,T670G,C2790T,C3037T,G4184A,C4321T,C9344T,A9424G,C9534T,C9866T,C10029T,C10198T,G10447A,C10449A,C12880T,C14408T,C15714T,C17410T,A18163G,C19955T,A20055G,C21575T,C21618T,G21987A,T22200G,G22578A,C22624T,C22674T,T22679C,C22686T,A22688G,G22775A,A22786C,G22813T,T22882G,G22992A,C22995A,A23013C,A23040G,A23055G,A23063T,T23075C,A23403G,C23525T,T23599G,C23604A,C23854A,G23948T,A24424T,T24469A,C25000T,C25584T,C26060T,C26270T,C26577G,G26709A,C26858T,A27259C,G27382C,A27383T,T27384C,G27589T,C27807T,A28271T,C28311T,C28651T,G28881A,G28882A,G28883C,A29510C"	"11288-11296,21633-21641,28362-28370,29734-29759"			C21575T|21F	"C22624T,G27589T,C28651T"	0	1	3	4		"E:T9I,M:Q19E,M:A63T,N:P13L,N:R203K,N:G204R,N:S413R,ORF1a:S135R,ORF1a:T842I,ORF1a:G1307S,ORF1a:L3027F,ORF1a:T3090I,ORF1a:L3201F,ORF1a:T3255I,ORF1a:P3395H,ORF1b:P314L,ORF1b:R1315C,ORF1b:I1566V,ORF1b:T2163I,ORF3a:T223I,ORF6:D61L,ORF7a:A66S,ORF9b:P10S,S:L5F,S:T19I,S:A27S,S:G142D,S:V213G,S:G339D,S:S371F,S:S373P,S:S375F,S:T376A,S:D405N,S:R408S,S:K417N,S:N440K,S:S477N,S:T478K,S:E484A,S:Q493R,S:Q498R,S:N501Y,S:Y505H,S:D614G,S:H655Y,S:N679K,S:P681H,S:N764K,S:D796Y,S:Q954H,S:N969K"	"N:E31-,N:R32-,N:S33-,ORF1a:S3675-,ORF1a:G3676-,ORF1a:F3677-,ORF9b:E27-,ORF9b:N28-,ORF9b:A29-,S:L24-,S:P25-,S:P26-"				"Charité_E_F:C26270T,ChinaCDC_N_F:G28881A;G28882A;G28883C,USCDC_N1_P:C28311T"	88972	33	29846	3000	0	good	0	10	0	good	0	24	0	0	good	8		0	good	0		0		0	0	good		0	0	good	
hCoV-19/USA/OR-CDC-ASC210738748/2022	EPI_ISL_11759440	3/24/22	21K (Omicron)	BA.1.1	0.173611	good	62	39	9	0	50	16	1	0	0	5	"C241T,C2094T,C2470T,A2832G,C3037T,T5386G,G8393A,C10029T,C10449A,C11124T,A11537G,C11572T,T13195C,C14408T,C15240T,A18163G,C21595T,C21762T,C21846T,G22578A,G22599A,T22673C,C22674T,T22679C,C22686T,G22813T,T22882G,G22898A,G22992A,C22995A,A23013C,A23040G,G23048A,A23055G,A23063T,T23075C,C23202A,A23403G,C23525T,T23599G,C23604A,C23854A,G23948T,C24130A,A24424T,T24469A,C24503T,C25000T,C25584T,C26270T,A26530G,C26577G,G26709A,A27259C,T27346C,C27807T,A28271T,C28311T,G28881A,G28882A,G28883C,C29546T"	"6513-6515,11285-11293,21765-21770,21987-21995,22194-22196,28362-28370"	22204:GAGCCAGAA		C21595T|21K	"C2094T,C11124T,C11572T,T27346C,C29546T"	0	1	5	6		"E:T9I,M:D3G,M:Q19E,M:A63T,N:P13L,N:R203K,N:G204R,ORF1a:S610L,ORF1a:K856R,ORF1a:L2084I,ORF1a:A2710T,ORF1a:T3255I,ORF1a:P3395H,ORF1a:A3620V,ORF1a:I3758V,ORF1b:P314L,ORF1b:I1566V,ORF6:Y49H,ORF9b:P10S,S:A67V,S:T95I,S:Y145D,S:L212I,S:G339D,S:R346K,S:S371L,S:S373P,S:S375F,S:K417N,S:N440K,S:G446S,S:S477N,S:T478K,S:E484A,S:Q493R,S:G496S,S:Q498R,S:N501Y,S:Y505H,S:T547K,S:D614G,S:H655Y,S:N679K,S:P681H,S:N764K,S:D796Y,S:N856K,S:Q954H,S:N969K,S:L981F"	"N:E31-,N:R32-,N:S33-,ORF1a:S2083-,ORF1a:L3674-,ORF1a:S3675-,ORF1a:G3676-,ORF9b:E27-,ORF9b:N28-,ORF9b:A29-,S:H69-,S:V70-,S:G142-,S:V143-,S:Y144-,S:N211-"	S:214:EPE			"Charité_E_F:C26270T,ChinaCDC_N_F:G28881A;G28882A;G28883C,USCDC_N1_P:C28311T"	89048	25	29847	3000	0	good	0	10	0	good	0	24	1	4.166667	good	9		0	good	0		0		0	0	good		0	0	good	
hCoV-19/USA/OR-CDC-ASC210738997/2022	EPI_ISL_11760145	3/25/22	21L (Omicron)	BA.2	0	good	68	44	0	0	50	6	0	0	0	5	"C241T,T670G,C2790T,C3037T,G4184A,C4321T,C9344T,A9424G,C9534T,C9866T,C9979T,C10029T,C10198T,G10447A,C10449A,C12880T,C14408T,C15714T,C17410T,A18163G,C19955T,A20055G,C21618T,G21987A,T22200G,G22578A,C22674T,T22679C,C22686T,A22688G,G22775A,A22786C,G22813T,T22882G,G22992A,C22995A,A23013C,A23040G,A23055G,A23063T,T23075C,A23403G,C23525T,T23599G,C23604A,C23854A,G23948T,A24424T,T24469A,C25000T,C25413T,C25584T,C26060T,C26270T,C26577G,G26709A,C26858T,A27259C,G27382C,A27383T,T27384C,C27807T,A28271T,C28311T,G28881A,G28882A,G28883C,A29510C"	"11288-11296,21633-21641,29734-29759"				"C9979T,C25413T"	0	0	2	2		"E:T9I,M:Q19E,M:A63T,N:P13L,N:R203K,N:G204R,N:S413R,ORF1a:S135R,ORF1a:T842I,ORF1a:G1307S,ORF1a:L3027F,ORF1a:T3090I,ORF1a:L3201F,ORF1a:T3255I,ORF1a:P3395H,ORF1b:P314L,ORF1b:R1315C,ORF1b:I1566V,ORF1b:T2163I,ORF3a:T223I,ORF6:D61L,ORF9b:P10S,S:T19I,S:A27S,S:G142D,S:V213G,S:G339D,S:S371F,S:S373P,S:S375F,S:T376A,S:D405N,S:R408S,S:K417N,S:N440K,S:S477N,S:T478K,S:E484A,S:Q493R,S:Q498R,S:N501Y,S:Y505H,S:D614G,S:H655Y,S:N679K,S:P681H,S:N764K,S:D796Y,S:Q954H,S:N969K"	"ORF1a:S3675-,ORF1a:G3676-,ORF1a:F3677-,S:L24-,S:P25-,S:P26-"				"Charité_E_F:C26270T,ChinaCDC_N_F:G28881A;G28882A;G28883C,USCDC_N1_P:C28311T"	89041	25	29847	3000	0	good	0	10	0	good	0	24	-5	0	good	3		0	good	0		0		0	0	good		0	0	good	